{
  "web": {
    "client_id": "439429450847-2r1oa7oj8r0hghopmaasi1brdbc3f2vj.apps.googleusercontent.com",
    "project_id": "dimas-lanjaka-adsense-project",
    "auth_uri": "https://accounts.google.com/o/oauth2/auth",
    "token_uri": "https://oauth2.googleapis.com/token",
    "auth_provider_x509_cert_url": "https://www.googleapis.com/oauth2/v1/certs",
    "client_secret": "mk0QC76LGxW5G7JNe-oQUXW2",
    "redirect_uris": [
      "http://localhost:8000/callback.php",
      "http://bareessentialsmarketing.com/callback.php",
      "http://bareessentialsmarketing.com/channel.php",
      "http://localhost/external/auth.php"
    ],
    "javascript_origins": [
      "https://webmanajemen.xyz",
      "https://bot.webmanajemen.xyz",
      "http://bot.webmanajemen.xyz",
      "https://s.codepen.io",
      "http://about-devices.me",
      "https://dimaslanjaka.000webhostapp.com",
      "http://localhost:8000",
      "https://localhost:8000",
      "http://localhost",
      "http://127.0.0.1",
      "http://127.0.0.1:8000",
      "http://localhost:80",
      "http://localhost:8080",
      "http://bareessentialsmarketing.com",
      "https://akarmas.com",
      "https://rental.akarmas.com",
      "https://mx.akarmas.com"
    ]
  }
}