{"sidebar_default":{"search-2":{"title":""},"ktz-banner-2":{"title":"","banners":"<a href=\"#\" title=\"example banner link\"><img src=\"https:\/\/farm6.staticflickr.com\/5514\/11398573715_b5f70bc437_o.gif\" alt=\"example banner\" title=\"example banner\" width=\"336\" height=\"280\"\/><\/a>"},"ktz-feedburner-2":{"title":"Feedburner","text":"This is example feedburner text, fill with your own.","feedburnerid":"kentooz"},"ktz-recent-posts-2":{"style_latest":"list","title":"Gallery","cats":3,"number":5},"ktz-popular-posts-2":{"title":"Top Rate","style_latest":"list","popular_by":"rate","popular_date":"alltime","number":5},"ktz-facebook-2":{"title":"Facebook like","url":"https:\/\/www.facebook.com\/Kentoozdotcom","width":"","height":"190","colorscheme":"light","show_faces":true,"stream":false,"header":false,"border":true}},"widget_fot1":{"ktz-recent-posts-3":{"style_latest":"list","title":"Car","cats":2,"number":3}},"widget_fot2":{"ktz-recent-posts-4":{"style_latest":"list","title":"Home Design","cats":4,"number":3}},"widget_fot3":{"text-2":{"title":"About us","text":"Nice themes with nice featured. Great powerfull blog wordpress themes. You never regret use this themes. Only one think you will get free themes with premium featured.","filter":false},"ktz-tags-border-posts-2":{"title":"Trending tag","number":5}}}