<?xml version="1.0" encoding="UTF-8" ?>
<!DOCTYPE html>
<html b:version='2' expr:dir='data:blog.languageDirection' xmlns='http://www.w3.org/1999/xhtml' xmlns:b='http://www.google.com/2005/gml/b' xmlns:data='http://www.google.com/2005/gml/data' xmlns:expr='http://www.google.com/2005/gml/expr'>
<head>

<!--[if lt IE 9]>
<script src="http://html5shiv.googlecode.com/svn/trunk/html5.js"> </script>
<![endif]-->
<meta content='width=device-width,initial-scale=1,minimum-scale=1,maximum-scale=1' name='viewport'/>
<meta content='text/html;charset=UTF-8' http-equiv='Content-Type'/>
<meta content='IE=edge,chrome=1' http-equiv='X-UA-Compatible'/> 
<b:include data='blog' name='all-head-content'/>

<!-- SEO Meta Tag -->
<b:if cond='data:blog.homepageUrl == data:blog.url'><meta expr:content='data:blog.title' name='keywords'/></b:if>	   
<b:if cond='data:blog.pageType == &quot;item&quot;'><meta expr:content='data:blog.pageName' name='keywords'/></b:if>
<b:if cond='data:blog.pageType == &quot;index&quot;'><b:if cond='data:blog.searchLabel'><meta content='noindex,nofollow' name='robots'/></b:if></b:if>
<b:if cond='data:blog.pageType == &quot;archive&quot;'><meta content='noindex,nofollow' name='robots'/></b:if>
<b:if cond='data:blog.isMobile'><meta content='noindex,nofollow' name='robots'/></b:if>

<!-- SEO Title Tag -->
<b:if cond='data:blog.url == data:blog.homepageUrl'><title><data:blog.title/></title></b:if>
<b:if cond='data:blog.pageType == &quot;item&quot;'><title><data:blog.pageName/> - <data:blog.title/></title></b:if>
<b:if cond='data:blog.pageType == &quot;archive&quot;'><title>Archive for <data:blog.pageName/></title></b:if>
<b:if cond='data:blog.pageType == &quot;static_page&quot;'><title><data:blog.pageName/></title></b:if>
<b:if cond='data:blog.pageType == &quot;index&quot;'><b:if cond='data:blog.searchLabel'><title><data:blog.title/> - <data:blog.pageName/></title></b:if></b:if>
<b:if cond='data:blog.pageType == &quot;error_page&quot;'><title>Page Not Found</title></b:if>
<b:if cond='data:blog.pageType == &quot;index&quot;'><b:if cond='data:blog.url != data:blog.homepageUrl'><title><data:blog.pageTitle/> - All Post</title></b:if></b:if>

<link href='http://fonts.googleapis.com/css?family=Oswald' rel='stylesheet' type='text/css'/>

<b:skin><![CDATA[/*
-----------------------------------------------
Blogger Template Style
Name:     Ramai Blogger Template
Designer: Mas Sugeng
URL:      www.mas-sugeng.com
----------------------------------------------- */

/* Variable definitions
   ====================
   <Variable name="keycolor" description="Main Color" type="color" default="#66bbdd" value="#787878"/>

   <Group description="Main Backgrounds" selector=".body-fauxcolumns-outer">
     <Variable name="body.background.color" description="Outer Background" type="color" default="#DADBDB" value="#DADBDB"/>
     <Variable name="wrapper.background.color" description="Main Background" type="color" default="#ffffff" value="#ffffff"/>
   </Group>
   
   <Variable name="body.background" description="Body Background" type="background"
       color="$(body.background.color)" default="$(color) none repeat scroll top left" value="$(color) none repeat scroll top left"/>
   <Variable name="body.background.override" description="Body Background Override" type="string" default="" value=""/>

   <Group description="Page Text" selector="body">
     <Variable name="body.font" description="Font" type="font"
         default="normal normal 13px Arial, sans-serif" value="normal normal 13px Arial, sans-serif"/>
     <Variable name="body.text.color" description="Main Text Color" type="color" default="#666666" value="#666666"/>
	 <Variable name="footer.text.color" description="Footer Text Color" type="color" default="#ffffff" value="#ffffff"/>
   </Group>
   
   <Group description="Links" selector=".main-outer">
     <Variable name="link.color" description="Link Color" type="color" default="#0099cc" value="#0099cc"/>
     <Variable name="link.visited.color" description="Visited Color" type="color" default="#0099cc" value="#0099cc"/>
     <Variable name="link.hover.color" description="Hover Color" type="color" default="#006c8e" value="#006c8e"/>
   </Group>

   <Group description="Blog Title" selector=".header h1.title, .header p.title">
     <Variable name="header.font" description="Font" type="font"
         default="normal normal 24px Oswald, Arial, sans-serif" value="normal normal 24px Oswald, Arial, sans-serif"/>
     <Variable name="header.text.color" description="Title Color" type="color" default="#333333"  value="#333333"/>
   </Group>

   <Group description="Blog Description" selector=".header .description">
     <Variable name="description.text.color" description="Description Color" type="color"
         default="#555555"  value="#555555"/>
   </Group>

   <Group description="Post Title" selector="h2.post-title, .comments h4, h1.post-title">
     <Variable name="post.title.font" description="Font" type="font"
         default="normal normal 16px Oswald, Arial, sans-serif" value="normal normal 16px Oswald, Arial, sans-serif"/>
	 <Variable name="post.title.color" description="Text Color" type="color" default="#333333" value="#333333"/>
   </Group>
   
   <Group description="Gadgets" selector=".sidebar h2">
     <Variable name="widget.title.background.color" description="Background Color" type="color" default="#333333" value="#333333"/>
     <Variable name="widget.title.font" description="Title Font" type="font"
        default="normal normal 12px Oswald, Arial, sans-serif" value="normal normal 12px Oswald, Arial, sans-serif"/>
     <Variable name="widget.title.text.color" description="Title Color" type="color" default="#ffffff" value="#ffffff"/>
     <Variable name="widget.alternate.text.color" description="Alternate Color" type="color" default="#999999" value="#959595"/>
   </Group>

   <Group description="Post Footer" selector=".post-footer">
     <Variable name="post.footer.background.color" description="Background Color" type="color"
         default="transparent" value="transparent"/>
     <Variable name="post.footer.text.color" description="Text Color" type="color" default="#666666" value="#666666"/>
     <Variable name="post.footer.border.color" description="Border Color" type="color" default="#eeeeee" value="#ececec"/>
   </Group>

   <Group description="Secondary Navigation Menu" selector=".nav-2">
     <Variable name="secondary.navigation.background.color" description="Background Color" type="color" default="#333333" value="#333333"/>
	 <Variable name="secondary.navigation.text.color" description="Text Color" type="color" default="#ffffff" value="#ffffff"/>
	 <Variable name="secondary.navigation.hover.color" description="Hover Color" type="color" default="#000000" value="#000000"/>
   </Group>

   <Group description="Primary Navigation Menu" selector="#primary-menu">
     <Variable name="primary.navigation.background.color" description="Background Color" type="color" default="#333333" value="#333333"/>
	 <Variable name="primary.navigation.text.color" description="Text Color" type="color" default="#ffffff" value="#ffffff"/>
	 <Variable name="primary.navigation.hover.color" description="Hover Color" type="color" default="#000000" value="#000000"/>
   </Group>

   <Group description="Footer" selector="#footer-wrapper">
     <Variable name="footer.color" description="Footer Color" type="color" default="#ffffff" value="#ffffff"/>
   </Group>
 
*/

/**
* Eric Meyer&#39;s Reset CSS v2.0 (http://meyerweb.com/eric/tools/css/reset/)
* http://cssreset.com
*/
html,body,div,span,applet,object,iframe,h1,h2,h3,h4,h5,h6,p,blockquote,pre,a,abbr,acronym,address,big,cite,code,del,dfn,em,img,ins,kbd,q,s,samp,small,strike,strong,sub,sup,tt,var,b,u,i,center,dl,dt,dd,ol,ul,li,fieldset,form,label,legend,table,caption,tbody,tfoot,thead,tr,th,td,article,aside,canvas,details,embed,figure,figcaption,footer,header,hgroup,menu,nav,output,ruby,section,summary,time,mark,audio,video{margin:0;padding:0;border:0;font-size:100%;font:inherit;vertical-align:baseline;}/* HTML5 display-role reset for older browsers */article,aside,details,figcaption,figure,footer,header,hgroup,menu,nav,section{display:block;}body{line-height:1;display:block;}*{margin:0;padding:0;}html{display:block;}ol,ul{list-style:none;}blockquote,q{quotes:none;}blockquote:before,blockquote:after,q:before,q:after{content:&#39;&#39;;content:none;}table{border-collapse:collapse;border-spacing:0;}

/* FRAMEWORK */
.navbar,.post-feeds,.feed-links{display:none;
}
.section,.widget{margin:0 0 0 0;padding:0 0 0 0;
}
strong,b{font-weight:bold;
}
cite,em,i{font-style:italic;
}
a:link{color:$(link.color);text-decoration:none;outline:none;transition:all 0.5s;-moz-transition:all 0.5s;-webkit-transition:all 0.5s;
}
a:visited{color:$(link.visited.color);text-decoration:none;
}
a:hover{color:$(link.hover.color);text-decoration:none;
}
a img{border:none;border-width:0;outline:none;
}
abbr,acronym{border-bottom:1px dotted;cursor:help;
}
sup,sub{vertical-align:baseline;position:relative;top:-.4em;font-size:86%;
}
sub{top:.4em;}small{font-size:86%;
}
kbd{font-size:80%;border:1px solid #999;padding:2px 5px;border-bottom-width:2px;border-radius:3px;
}
mark{background-color:#ffce00;color:black;
}
p,blockquote,pre,table,figure,hr,form,ol,ul,dl{margin:1.5em 0;
}
hr{height:1px;border:none;background-color:#666;
}
/* heading */
h1,h2,h3,h4,h5,h6{font-weight:bold;line-height:normal;margin:0 0 0.6em;
}
h1{font-size:200%
}
h2{font-size:180%
}
h3{font-size:160%
}
h4{font-size:140%
}
h5{font-size:120%
}
h6{font-size:100%
}
/* list */
ol,ul,dl{margin:.5em 0em .5em 3em
}
ol{list-style:decimal outside
}
ul{list-style:disc outside
}
li{margin:.5em 0
}
dt{font-weight:bold
}
dd{margin:0 0 .5em 2em
}
/* form */
input,button,select,textarea{font:inherit;font-size:100%;line-height:normal;vertical-align:baseline;
}
textarea{display:block;-webkit-box-sizing:border-box;-moz-box-sizing:border-box;box-sizing:border-box;
}
pre,code{font-family:&quot;Courier New&quot;,Courier,Monospace;color:inherit;
}
pre{white-space:pre;word-wrap:normal;overflow:auto;
}
/* blockquote */
blockquote {
	background: #f8f8f8;
	margin-left: 2em;
	margin-right: 2em;
	border-left: 4px solid #ccc;
	padding: 1em 1em;
	font-style: italic;
}

/* table */
.post-body table[border=&quot;1&quot;] th, 
.post-body table[border=&quot;1&quot;] td, 
.post-body table[border=&quot;1&quot;] caption {
	border: 1px solid;
	padding: .2em .5em;
	text-align: left;
	vertical-align: top;
}
.post-body table.tr-caption-container {
	border: 1px solid #ddd;
}
.post-body th{
	font-weight: bold;
}
.post-body table[border=&quot;1&quot;] caption {
	border:none;
	font-style: italic;
}
.post-body table{
	background: #f6f6f6;
}
.post-body td, 
.post-body th {
	vertical-align: top;
	text-align: left;
	font-size: 13px;
	padding: 3px 5px;
	border: 1px solid #ddd;
}
.post-body th {
	background: #eee;
}
.post-body table.tr-caption-container td  {
	background: #f6f6f6;
	border: none;
	padding: 8px;
}
.post-body table.tr-caption-container, 
.post-body table.tr-caption-container img, 
.post-body img, 
img {
	max-width: 100%;
	height: auto;
}
.post-body td.tr-caption {
	color: #666;
	font-size: 80%;
	padding: 0px 8px 8px !important;
}

/* ---------------------lAYOUT-------------------- */
body#layout #wrapper {
	padding: 0 0 0 0;
	margin: 70px 20px 20px;
}
body#layout .panel {
	float: left;
	width: 88px;
}
.clear {
	clear: both;
}
.clear:after {
	visibility: hidden;
	display: block;
	font-size: 0;
	content: " ";
	clear: both;
	height: 0;
}

body { 
	background: #DADBDB;
	margin: 0 0 0 0;
	padding: 0 0 0 0;
	color: #666666;
	font: normal normal 13px Arial, sans-serif;
	text-align: left;
}

/* ------------------WRAPPER-------------------- */
#wrapper {
	background: #ffffff;
	max-width: 860px;
	margin: 20px auto;
	padding: 28px;
}

/* ---------------------HEADER----------------------- */
#header-wrapper {
	margin: 0 auto;
	overflow: hidden;
}
.header {
	margin: 0px 0 20px;
}
.header h1.title,.header p.title {
	font: normal normal 24px "Oswald", Arial, sans-serif;
	margin: 0 0 0 0;
	text-transform: uppercase;
	color: #333;
}
.header .description {
	color: #555555;
}
.header a {
	color: #333333;
}
.header a:hover {
	color: #0099CC;
}


/* -------------PRIMARY NAV MENU--------------- */

.toggleMenu {
    display: none;
    background: #FBB040;
    padding: 0 15px;
	height: 48px;
	line-height: 48px;
    color: #fff !important;
}
#nav-bar {
	font-family: "Oswald", Arial, sans-serif;
	background: #444;
	height: 48px;
	line-height: 48px;
	text-transform:uppercase;
}
ul.nav-menu {
	background: #444;
    list-style: none;
	margin: 0 0 0 0;
     *zoom: 1;
	float: left;  
}
ul.nav-menu:before,
ul.nav-menu:after {
    content: " "; 
    display: table; 
}
ul.nav-menu:after {
    clear: both;
}
ul.nav-menu ul {
    list-style: none;
	margin:0 0 0 0;
    width: 9em;
}
ul.nav-menu li {
    position: relative;
	margin: 0 0;
}
ul.nav-menu > li {
    float: left;
}
ul.nav-menu > li > .parent {
    background-image: url("images/downArrow.png");
    background-repeat: no-repeat;
    background-position: right;
}
ul.nav-menu li ul {
    position: absolute;
    left: -9999px;
}
ul.nav-menu > li.hover > ul {
    left: 0;
}
ul.nav-menu li li.hover ul {
    left: 100%;
    top: 0;
}
ul.nav-menu a.active {
	background: #FBB040;
}
ul.nav-menu li a {
	display: block;
    padding: 0 15px;
    color: #fff;
	height: 48px;
	line-height: 48px;
}
ul.nav-menu li li a {
    display: block;
    background: #555;
    position: relative;
    z-index: 100;
	height: 34px;
	line-height: 34px;
}
ul.nav-menu li li li a {
    background: #666;
    z-index: 200;
}
ul.nav-menu a:hover, ul.nav-menu a.active:hover {
	background: #222;
}

#search-form {
	background: #444;
	float: right;
	margin: 0 0;
}
#search-form input#search-box[type="text"] {
	height: 36px;
	line-height: 36px;
	margin: 5px 0 5px 10px;
	padding: 0 10px;
	width: 150px;
	color: #636363;
	border: none;
	text-transform: uppercase;
}
#search-form input#search-button[type="submit"] {
	background: #FBB040;
	color: #fff;
	height: 36px;
	line-height: 36px;
	margin: 5px 10px 5px 0;
	padding: 0 10px;
	border: none;
	text-transform: uppercase;
}

#search-form input#search-button[type="submit"]:hover{
	background: #000;
}
#search-form input#search-box[type="text"]:focus {
	background: #eee;
	outline: none;
}

/* -----------------CONTENT--------------- */
#content-wrapper {
	margin: 0 auto;
	overflow: hidden;
	word-wrap: break-word;
}

/* ------------------POST----------------- */
#post-wrapper {
	float: left;
	width: 65.11627906976744%;
	max-width: 560px;
	margin: 0 0 10px;
	padding: 20px 0;
}
.post-container {
	padding: 0 20px 0 0;
}
.breadcrumbs {
	font-size: 11px;
	color: #666;
	padding: 10px 0;
	margin: 0 0 20px;
	border-bottom: 3px dotted #eee;
}
.post {
	margin: 0 0 20px;
	padding: 0 0 20px;
	border-bottom: 3px dotted #eee;
	position: relative;
	min-height: 90px;
}
.post-body {
	line-height: 1.5;
	text-align: justify;
}
h2.post-title, .post-snippet, .post-footer {
	margin-left: 210px;
}
h2.post-title, h1.post-title {
	font: normal normal 16px "Oswald", Arial, sans-serif;
	text-transform: uppercase;
}
h2.post-title a, h1.post-title a, h2.post-title, h1.post-title {
	color: #333333;
}
h2.post-title a:hover, h1.post-title a:hover {
	color: #0099CC;
}

.img-thumbnail {
	position: absolute;
	top: 0;
	left: 0;
	width: 200px;
	height: 130px;
	float: left;
}
.img-thumbnail img {
	width: 200px;
	height: 130px;
}


/* ---------------POST FOOTER--------------- */
.post-footer {
	background: #EDEFF1;
	color: #666666;
	padding: 10px;
	margin-bottom: 10px;
	font-size: 11px;
}
.admin-meta, .comment-meta, .date-meta, .label-meta {
	background-image: url(http://4.bp.blogspot.com/-RTSeOwxDBks/VC-S10IdSxI/AAAAAAAADy4/v9_P0-lks_A/s1600/csg-542f92beb36dc.png);
	background-repeat: no-repeat;
	margin-right: 8px;
	padding-left: 16px;
	display: inline-block;
}
.post-footer a {
	color: #888;
}
.post-footer a:hover {
	color: #0099CC;
}

.admin-meta { 
	background-position: 0 0;  
	height: 12px; 
} 
.comment-meta { 
	background-position: 0 -22px; 
	height: 12px; 
} 
.date-meta { 
	background-position: 0 -44px;
	height: 12px; 
} 
.label-meta { 
	background-position: 0 -66px; 
	height: 12px; 
} 

/* ----------------author post profile----------------------- */
.author-profile {
	background: #EDEFF1;
	padding: 15px;
	margin: 15px 0;
	overflow: hidden;
}
.author-profile img {
	border: 1px solid #efefef;
	float: left;
	margin-right: 6px;
}
.author-profile a.g-profile {
	font-weight: bold;
}



/* ------------------PAGE NAV------------------------- */
#blog-pager {
	margin: 0 0;
	clear: both !important;
	padding: 0 0;
	font-size: 12px;
	font-weight: normal;
}
#blog-pager-newer-link a, #blog-pager-older-link a, a.home-link {
	background-color: #fff;
	border: 1px solid #e5e5e5;
	line-height: 30px;
	color: #666;
	padding: 0px 12px;
} 
#blog-pager-newer-link a {
	float: left;
	display: block;
}
#blog-pager-older-link a {
	float: right;
	display: block;
}
a.home-link {
	display: inline-block;
}
#blog-pager-older-link a:hover, #blog-pager-newer-link a:hover, a.home-link:hover {
	background-color: #ededed;
}


/* -----------------------SIDEBAR-------------------------- */
#sidebar-wrapper {
	float: right;
	width: 34.88372093023256%;
	max-width: 300px;
	margin: 0 auto;
	padding: 20px 0;
}
.sidebar-container {
	padding: 0;
}
.sidebar h2, .panel h2 {
	font: normal normal 12px "Oswald", Arial, sans-serif;
	text-transform: uppercase;
	background: #EDEFF1;
	color: #444;
	margin: 0 0 15px 0;
	padding: 6px 8px;
}
.sidebar .widget-content {
	padding: 0 0 20px;
}
.sidebar ul, .sidebar ol {
	list-style-type: none;
	margin: 0 0 0 0;
	padding: 0 0 0 0;
}
.sidebar li {
	margin: 0 0 0 0;
	padding: 0 0 0 0;
}

/* ----------------MENU TABS---------------------- */
.set, .panel {
	margin: 0 0;
}
.tabs .panel {
	padding: 0 0;
}
.set .tabs .widget ul {
	padding: 0 0 0 0;
	list-style: none;
}
.set .tabs .widget li {
	margin: 0;
	padding: 0.25em 0;
	float: none;
}
.tabs-menu {
	border-bottom: 3px solid #FBB040;
	padding: 0 0;
	margin: 0 0;
}
.tabs-menu li {
	font: normal normal 12px "Oswald", Arial, sans-serif;
	display: inline-block;
	*display: inline;
	zoom: 1;
	margin: 0 3px -1px 0;
	padding: 8px 12px;
	background-color: #EDEFF1;
	cursor: pointer;
	position: relative;
	text-transform: uppercase;
}
.tabs-menu .active-tab {
	background-color: #FBB040;
	color: #fff;
	border-bottom: 0;
	padding-bottom: 9px;
}
.tabs-content {
	padding: 15px 0 20px;
}

/* ------------------FOOTER------------------- */
#footer-wrapper {
	margin: 0 auto;
	overflow: hidden;
	padding: 20px 0;
	border-top: 3px solid #FBB040;
}
.footer-left {
	float: left;
}
.footer-right {
	float: right;
}




/* -----------------CUSTOM WIDGET-------------------- *
/* Popular Post */
.PopularPosts .item-thumbnail{
	margin:0 6px 0 0;
	display:inline;
}
.PopularPosts .item-thumbnail a img{
	height:78px;
	width:78px;
	display:block;
	margin:0;
	padding:0;
}
.PopularPosts .widget-content ul li{
	padding:6px 0px !important;
	border-bottom:1px dotted #e2e2e2;
}
.PopularPosts .item-title{
	font-weight:bold;
}
.PopularPosts .item-snippet {
	font-size:11px;
	color:#666;
}
.profile-img{
	display:inline;
	opaciry:10;
	margin:0 6px 3px 0;
}


/* label */
.label-size-1,.label-size-2,.label-size-3,.label-size-4,.label-size-5 {
	font-size:100%;
	filter:alpha(100);
	opacity:10
}
.cloud-label-widget-content{
	text-align:left
}
.label-size {
	background:#FBB040;
	display:block;
	float:left;
	margin:0 3px 3px 0;
	color:#fff;
	font-size:11px;
	text-transform:uppercase;
}
.label-size a,.label-size span{
	display:inline-block;
	color:#fff;
	padding:6px 8px;
	font-weight:bold;
}
.label-size:hover {
	background:#333;
}

.label-count {
	white-space:nowrap;
	padding-right:3px;
	margin-left:-3px;
	background:#FBB040;
	color:#fff !important;
}
.label-size {
	line-height:1.2
}

/* share buttons */
.share-buttons-box {
	background: #EDEFF1;
	margin:20px 0 15px;
	padding:15px;
	overflow:hidden;
}
.share-buttons {
	margin:0 0;
	height:67px;
	float:left;
}
.share-buttons .share {
	float:left;
	margin-right:10px;
	display:inline-block;
}


/* ----------------MEDIA QUERIES------------------ */

@media screen and (max-width: 920px) {
	#wrapper {
		margin: 0px auto;
	}
}

@media screen and (max-width: 768px) {
    .active {
        display: block;
    }
	ul.nav-menu a.active {
		background: transparent;
	}
	#search-form {
		width: 100%;
		margin: 0 0 0 0 !important;
	}
    ul.nav-menu > li {
        float: none;
    }
    ul.nav-menu > li > .parent {
        background-position: 95% 50%;
    }
    ul.nav-menu li li .parent {
        background-image: url("images/downArrow.png");
        background-repeat: no-repeat;
        background-position: 95% 50%;
    }
	ul.nav-menu {
		float: none;
		width: 100%;
	}
    ul.nav-menu ul {
        display: block;
        width: 100%;
		float: none;
    }
	ul.nav-menu > li.hover > ul , ul.nav-menu li li.hover ul {
        position: static;
    }
	#search-form {
		background: #666;
	}

}


@media only screen and (max-width:768px){
	#wrapper {
		padding: 18px;
	}
	#post-wrapper, #sidebar-wrapper {
		float: none;
		width: 100%;
		max-width: 100%
	}
	.post-container {
		padding: 0 0 0 0;
	}
}

@media only screen and (max-width:640px){
	#wrapper {
		padding: 14px;
	}
	#post-wrapper, #sidebar-wrapper {
		float: none;
		width: 100%;
		max-width: 100%
	}
	.footer-left, .footer-right {
		float: none;
		text-align: center;
	}
}

@media only screen and (max-width:480px){
	#wrapper {
		padding: 12px;
	}
	#post-wrapper, #sidebar-wrapper {
		float: none;
		width: 100%;
		max-width: 100%
	}
	h2.post-title, .post-snippet, .post-footer {
		margin-left: 110px;
	}
	.img-thumbnail {
		width: 110px;
		height: 71px;
	}
	.img-thumbnail img {
		width: 100px;
		height: 71px;
	}
}

@media screen and (max-width:320px){
	#wrapper {
		padding: 10px;
	}
	#post-wrapper, #sidebar-wrapper {
		float: none;
		width: 100%;
		max-width: 100%
	}
}



]]></b:skin>

<b:if cond='data:blog.pageType == &quot;static_page&quot;'>
<style>
#related-post, .post-footer {
	display:none;
}
</style>
</b:if>
<b:if cond='data:blog.pageType != &quot;index&quot;'>
<style type='text/css'>

#related-post {
	margin: 20px 0 30px;
}
#related-post h3 {
	font-family: &quot;Oswald&quot;, Arial, sans-serif;
	text-transform: uppercase;
	color: #555;
	font-size: 16px;
	font-weight: normal;
	padding: 0 0 8px;
	margin: 0
}
#related-post ul {
	margin-left: 0px;
}
</style>
<script>
//<![CDATA[
var relatedTitles=new Array();var relatedTitlesNum=0;var relatedUrls=new Array();function related_results_labels(json){for(var i=0;i<json.feed.entry.length;i++){var entry=json.feed.entry[i];relatedTitles[relatedTitlesNum]=entry.title.$t;for(var k=0;k<entry.link.length;k++){if(entry.link[k].rel=='alternate'){relatedUrls[relatedTitlesNum]=entry.link[k].href;relatedTitlesNum++;break;}}}}
function removeRelatedDuplicates(){var tmp=new Array(0);var tmp2=new Array(0);for(var i=0;i<relatedUrls.length;i++){if(!contains(tmp,relatedUrls[i])){tmp.length+=1;tmp[tmp.length-1]=relatedUrls[i];tmp2.length+=1;tmp2[tmp2.length-1]=relatedTitles[i];}}
relatedTitles=tmp2;relatedUrls=tmp;} function contains(a,e){for(var j=0;j<a.length;j++)if(a[j]==e)return true;return false;}
function printRelatedLabels(){var r=Math.floor((relatedTitles.length-1)*Math.random());var i=0;document.write('<ul>');while(i<relatedTitles.length&&i<20){document.write('<li><a href="'+relatedUrls[r]+'">'+relatedTitles[r]+'</a></li>');if(r<relatedTitles.length-1){r++;}else{r=0;}
i++;}
document.write('</ul>');document.write();}//]]>
</script>
</b:if>

<b:if cond='data:blog.pageType != &quot;index&quot;'>
<style type='text/css'>
/* COMMENT */

.comment-form {
	overflow: hidden;
}
.comments h3 {
	font-family: &quot;Oswald&quot;, arial, sans-serif;
	line-height: 16px;;
	text-transform: uppercase;
	font-weight: normal;
	color: #666;
	margin: 0 0 20px 0;
	font-size: 16px;
	padding: 0 0 0 0;
}
h4#comment-post-message {
	display: none;
	margin: 0 0 0 0;
}
.comments {
	clear: both;
	margin-top: 10px;
	margin-bottom: 0
}
.comments .comments-content {
	font-size: 13px;
	margin-bottom: 8px
}
.comments .comments-content .comment-thread ol {
	text-align: left;
	margin: 13px 0;
	padding: 0
}

.comments .avatar-image-container {
	background: #EDEFF1;
	overflow: hidden;
	padding: 6px;
}
.comments .comment-block{
	position: relative;
	background: #EDEFF1;
	padding: 15px;
	margin-left: 60px;
}
.comments .comment-block:before {
	content:&quot;&quot;;
	width: 0px;
	height: 0px;
	position: absolute;
	right: 100%;
	top: 15px;
	border-width: 10px;
	border-style: solid;
	border-color: transparent #EDEFF1 transparent transparent;
	display:block;
}
.comments .comments-content .comment-replies {
	margin: 8px 0;
	margin-left: 60px
}
.comments .comments-content .comment-thread:empty {
	display: none
}
.comments .comment-replybox-single {
	background: #CED3D9;
	padding: 0;
	margin: 8px 0;
	margin-left: 60px
}
.comments .comment-replybox-thread {
	background: #EDEFF1;
	margin: 8px 0 0 0;
	padding: 0;
}


.comments .comments-content .comment {
	margin-bottom: 6px;
	padding: 0
}
.comments .comments-content .comment:first-child {
	padding: 0;
	margin: 0
}
.comments .comments-content .comment:last-child {
	padding: 0;
	margin: 0
}
.comments .comment-thread.inline-thread .comment, .comments .comment-thread.inline-thread .comment:last-child {
	margin: 0px 0px 5px 30%
}
.comment .comment-thread.inline-thread .comment:nth-child(6) {
	margin: 0px 0px 5px 25%;
}
.comment .comment-thread.inline-thread .comment:nth-child(5) {
	margin: 0px 0px 5px 20%;
}
.comment .comment-thread.inline-thread .comment:nth-child(4) {
	margin: 0px 0px 5px 15%;
}
.comment .comment-thread.inline-thread .comment:nth-child(3) {
	margin: 0px 0px 5px 10%;
}
.comment .comment-thread.inline-thread .comment:nth-child(2) {
	margin: 0px 0px 5px 5%;
}
.comment .comment-thread.inline-thread .comment:nth-child(1) {
	margin: 0px 0px 5px 0;
}

.comments .comments-content .comment-thread {
	margin: 0;
	padding: 0
}
.comments .comments-content .inline-thread {
	padding: 10px 0;
	margin: 0
}

.comments .comments-content .icon.blog-author {
	position: absolute;
	top: -2px;
	right: -2px;
	margin: 0;
	background-image: url(http://3.bp.blogspot.com/-c0gwWErZ6ZI/UbSD539E_qI/AAAAAAAAAPQ/vQuaJw27r1A/s1600/bitmap.png);
	width: 59px;
	height: 43px;
}

.comments .comment .comment-actions a {
	background: #FBB040;
	display: inline-block;
	color: #fff;
	font-weight: bold;
	font-size: 10px;
	line-height: 15px;
	padding: 4px 8px;
	margin: 4px 8px 0 0;
}
.comments .comment .comment-actions a:hover, .comments .continue a:hover {
	text-decoration: none;
	background: #333;
}

.comments .continue a {
	background: #FBB040;
	color: #fff;
	display: inline-block;
	padding: 4px 8px;
	font-size: 10px;
}

.pesan-komentar {
	background: #666;
	position: relative;
	color: #fff;
	padding: 10px 20px;
	margin: 8px;
}
.pesan-komentar p {
	line-height: normal;
	margin: 0 0;
}
.pesan-komentar:before {
	content: &quot;&quot;;
	width: 0px;
	height: 0px;
	position: absolute;
	top: 100%;
	left: 30px;
	border-width: 10px;
	border-style: solid;
	border-color: #666 transparent transparent transparent;
	display: block;
}

</style>
</b:if>

<b:if cond='data:blog.pageType != &quot;index&quot;'>
<style>
.post-footer {
	margin-left: 0px !important;
	margin-bottom: 20px !important;
}
</style>
</b:if>

<script type='text/javascript'>
//<![CDATA[
function bp_thumbnail_resize(image_url,blog_title)
{
var image_width=200;
var image_height=130;
image_tag='<img width="'+image_width+'" height="'+image_height+'" src="'+image_url.replace('/s72-c/','/w'+image_width+'-h'+image_height+'-c/')+'" alt="'+blog_title+'" title="'+blog_title+'"/>';
if(image_url!="") return image_tag;
else return "";
}
//]]>
</script>

<script type='text/javascript'>
//<![CDATA[
(function(d, s, id) {
  var js, fjs = d.getElementsByTagName(s)[0];
  if (d.getElementById(id)) return;
  js = d.createElement(s); js.id = id;
  js.src = "//connect.facebook.net/en_US/all.js#xfbml=1";
  fjs.parentNode.insertBefore(js, fjs);
}(document, 'script', 'facebook-jssdk'));
//]]>
</script>

<b:include data='blog' name='google-analytics'/>
</head>

  <body expr:class='&quot;loading&quot; + data:blog.mobileClass'>

  <!-- navbar menu start -->
  <b:section class='navbar' id='navbar' maxwidgets='1' showaddelement='no'>
    <b:widget id='Navbar1' locked='false' title='Navbar' type='Navbar'>
      <b:includable id='main'>&lt;script type=&quot;text/javascript&quot;&gt;
    function setAttributeOnload(object, attribute, val) {
      if(window.addEventListener) {
        window.addEventListener(&#39;load&#39;,
          function(){ object[attribute] = val; }, false);
      } else {
        window.attachEvent(&#39;onload&#39;, function(){ object[attribute] = val; });
      }
    }
  &lt;/script&gt;
&lt;div id=&quot;navbar-iframe-container&quot;&gt;&lt;/div&gt;
&lt;script type=&quot;text/javascript&quot; src=&quot;https://apis.google.com/js/plusone.js&quot;&gt;&lt;/script&gt;
&lt;script type=&quot;text/javascript&quot;&gt;
        gapi.load(&quot;gapi.iframes:gapi.iframes.style.bubble&quot;, function() {
          if (gapi.iframes &amp;&amp; gapi.iframes.getContext) {
            gapi.iframes.getContext().openChild({
                url: &#39;https://www.blogger.com/navbar.g?targetBlogID\0756698836327369559903\46blogName\75Ramai+Template\46publishMode\75PUBLISH_MODE_BLOGSPOT\46navbarType\75LIGHT\46layoutType\75LAYOUTS\46searchRoot\75http://ramai-template.blogspot.com/search\46blogLocale\75in\46v\0752\46homepageUrl\75http://ramai-template.blogspot.com/\46blogFollowUrl\75https://plus.google.com/111199717287452672116\46vt\75-6979919912104993303&#39;,
                where: document.getElementById(&quot;navbar-iframe-container&quot;),
                id: &quot;navbar-iframe&quot;
            });
          }
        });
      &lt;/script&gt;&lt;script type=&quot;text/javascript&quot;&gt;
(function() {
var script = document.createElement(&#39;script&#39;);
script.type = &#39;text/javascript&#39;;
script.src = &#39;//pagead2.googlesyndication.com/pagead/js/google_top_exp.js&#39;;
var head = document.getElementsByTagName(&#39;head&#39;)[0];
if (head) {
head.appendChild(script);
}})();
&lt;/script&gt;
</b:includable>
    </b:widget>
  </b:section>
  <!-- end of navbar menu -->

  <!-- wrapper start -->
  <div id='wrapper'>
  
  <!-- header wrapper -->
  <header id='header-wrapper'>  
  <b:section class='header' id='header' maxwidgets='1' showaddelement='no'>
      <b:widget id='Header1' locked='true' title='Ramai Template (Header)' type='Header'>
        <b:includable id='main'>

  <b:if cond='data:useImage'>
    <b:if cond='data:imagePlacement == &quot;BEHIND&quot;'>
      <!--
      Show image as background to text. You can't really calculate the width
      reliably in JS because margins are not taken into account by any of
      clientWidth, offsetWidth or scrollWidth, so we don't force a minimum
      width if the user is using shrink to fit.
      This results in a margin-width's worth of pixels being cropped. If the
      user is not using shrink to fit then we expand the header.
      -->
      <b:if cond='data:mobile'>
          <div id='header-inner'>
            <div class='titlewrapper' style='background: transparent'>
              <h1 class='title' style='background: transparent; border-width: 0px'>
                <b:include name='title'/>
              </h1>
            </div>
            <b:include name='description'/>
          </div>
        <b:else/>
          <div expr:style='&quot;background-image: url(\&quot;&quot; + data:sourceUrl + &quot;\&quot;); &quot;                        + &quot;background-position: &quot;                        + data:backgroundPositionStyleStr + &quot;; &quot;                        + data:widthStyleStr                        + &quot;min-height: &quot; + data:height                        + &quot;_height: &quot; + data:height                        + &quot;background-repeat: no-repeat; &quot;' id='header-inner'>
            <div class='titlewrapper' style='background: transparent'>
              <h1 class='title' style='background: transparent; border-width: 0px'>
                <b:include name='title'/>
              </h1>
            </div>
            <b:include name='description'/>
          </div>
        </b:if>
    <b:else/>
      <!--Show the image only-->
      <div id='header-inner'>
	    <b:if cond='data:blog.pageType == &quot;index&quot;'>
            <h1 style='text-indent:-9999px;margin:0 0 0 0;padding:0 0 0 0;height:0px;'><b:include name='title'/></h1>
		</b:if>
        <a expr:href='data:blog.homepageUrl' style='display: block'>
          <img expr:alt='data:title' expr:height='data:height' expr:id='data:widget.instanceId + &quot;_headerimg&quot;' expr:src='data:sourceUrl' expr:width='data:width' style='display: block'/>
        </a>
        <!--Show the description-->
        <b:if cond='data:imagePlacement == &quot;BEFORE_DESCRIPTION&quot;'>
          <b:include name='description'/>
		  <b:if cond='data:blog.pageType == &quot;index&quot;'>
              <h1 style='text-indent:-9999px;margin:0 0 0 0;padding:0 0 0 0;height:0px;'><b:include name='title'/></h1>
		  </b:if>
        </b:if>
      </div>
    </b:if>
  <b:else/>
    <!--No header image -->
    <div id='header-inner'>
      <div class='titlewrapper'>  	
        <b:if cond='data:blog.pageType == &quot;index&quot;'>
		    <h1 class='title'><b:include name='title'/></h1>
		<b:else/>
			<p class='title'><b:include name='title'/></p>
		</b:if>
			<b:include name='description'/>
      </div>
	</div>
  </b:if>
</b:includable>
        <b:includable id='description'>
		  <div class='descriptionwrapper'>
			<p class='description'><span><data:description/></span></p>
		  </div>
		</b:includable>
        <b:includable id='title'>
		  <b:if cond='data:blog.url == data:blog.homepageUrl'>
			<data:title/>
		  <b:else/>
			<a expr:href='data:blog.homepageUrl'><data:title/></a>
		  </b:if>
		</b:includable>
      </b:widget>
    </b:section>
	<div class='clear'/>
  </header>
  <!-- end of header wrapper -->

  
  <!-- primary navigation menu -->
  <nav id='nav-bar'>
  <a class='toggleMenu' href='#'>Menu</a>
    <ul class='nav-menu'>
      <li><a class='active' href='/'>Home</a></li>
      <li><a href='#'>Menu 1</a>
		<ul>
            <li><a href='#'>Sub Menu 1</a></li>
            <li><a href='#'>Sub Menu 2</a></li>
            <li><a href='#'>Sub Menu 3</a></li>
        </ul>
      </li>
      <li><a href='#'>Menu 2</a>
		<ul>
            <li><a href='#'>Sub Menu 1</a>
				<ul>
					<li><a href='#'>Sub Menu 1</a></li>
					<li><a href='#'>Sub Menu 2</a></li>
					<li><a href='#'>Sub Menu 3</a></li>
				</ul>		
			</li>
            <li><a href='#'>Sub Menu 2</a></li>
            <li><a href='#'>Sub Menu 3</a></li>
        </ul>
      </li>
	  <li><a href='#'>Menu 4</a></li>
	  <li><a href='#'>Menu 5</a></li>
	  <li><a href='/error404'>Error Page</a></li>
	  <li><a href='/p/lorem-ipsum-dolor-sit-amet-consectetur.html'>Static Page</a></li>
	</ul>
	
	<form action='/search' id='search-form' method='get' style='display: inline;'><input id='search-box' name='q' onblur='if(this.value==&apos;&apos;)this.value=this.defaultValue;' onfocus='if(this.value==this.defaultValue)this.value=&apos;&apos;;' type='text' value='Search...' vinput=''/> <input id='search-button' type='submit' value='Go'/></form>
	
  </nav>
  <!-- end of primary navigation -->
  
  <div class='clear'/>

  
  <!-- content wrapper -->
  <div id='content-wrapper'>
  <!-- post wrapper -->
  <div id='post-wrapper'>
  <div class='post-container'>
  <b:section class='main' id='main' showaddelement='no'>
    <b:widget id='Blog1' locked='true' title='Posting Blog' type='Blog'>
      <b:includable id='main' var='top'>
	  <b:include data='posts' name='breadcrumb'/>
  <b:if cond='data:mobile == &quot;false&quot;'>

    <!-- posts -->
    <div class='blog-posts hfeed'>

      <b:include data='top' name='status-message'/>

      <data:defaultAdStart/>
      <b:loop values='data:posts' var='post'>
        <b:if cond='data:post.isDateStart'>
          <b:if cond='data:post.isFirstPost == &quot;false&quot;'>
            &lt;/div&gt;&lt;/div&gt;
          </b:if>
        </b:if>
        <b:if cond='data:post.isDateStart'>
          &lt;div class=&quot;date-outer&quot;&gt;
        </b:if>
        <b:if cond='data:post.isDateStart'>
          &lt;div class=&quot;date-posts&quot;&gt;
        </b:if>
        <div class='post-outer'>
        <b:include data='post' name='post'/>
        <b:if cond='data:blog.pageType == &quot;static_page&quot;'>
          <b:include data='post' name='comment_picker'/>
        </b:if>
        <b:if cond='data:blog.pageType == &quot;item&quot;'>
          <b:include data='post' name='comment_picker'/>
        </b:if>
        </div>
        <b:if cond='data:post.includeAd'>
          <b:if cond='data:post.isFirstPost'>
            <data:defaultAdEnd/>
          <b:else/>
            <data:adEnd/>
          </b:if>
          <div class='inline-ad'>
            <data:adCode/>
          </div>
          <data:adStart/>
        </b:if>
      </b:loop>
      <b:if cond='data:numPosts != 0'>
        &lt;/div&gt;&lt;/div&gt;
      </b:if>
      <data:adEnd/>
    </div>

    <!-- page navigation -->
	<b:include name='nextprev'/>
    

    <!-- feed links -->
    <b:include name='feedLinks'/>

    <b:if cond='data:top.showStars'>
      <script src='//www.google.com/jsapi' type='text/javascript'/>
      <script type='text/javascript'>
        google.load(&quot;annotations&quot;, &quot;1&quot;, {&quot;locale&quot;: &quot;<data:top.languageCode/>&quot;});
        function initialize() {
          google.annotations.setApplicationId(<data:top.blogspotReviews/>);
          google.annotations.createAll();
          google.annotations.fetch();
        }
        google.setOnLoadCallback(initialize);
      </script>
    </b:if>

  <b:else/>
    <b:include name='mobile-main'/>
  </b:if>

  <b:if cond='data:top.showDummy'>
    <data:top.dummyBootstrap/>
  </b:if>

</b:includable>
      <b:includable id='backlinkDeleteIcon' var='backlink'>
  <span expr:class='&quot;item-control &quot; + data:backlink.adminClass'>
    <a expr:href='data:backlink.deleteUrl' expr:title='data:top.deleteBacklinkMsg'>
      <img src='//www.blogger.com/img/icon_delete13.gif'/>
    </a>
  </span>
</b:includable>
      <b:includable id='backlinks' var='post'>
  <a name='links'/><h4><data:post.backlinksLabel/></h4>
  <b:if cond='data:post.numBacklinks != 0'>
    <dl class='comments-block' id='comments-block'>
      <b:loop values='data:post.backlinks' var='backlink'>
        <div class='collapsed-backlink backlink-control'>
          <dt class='comment-title'>
            <span class='backlink-toggle-zippy'>&#160;</span>
            <a expr:href='data:backlink.url' rel='nofollow'><data:backlink.title/></a>
            <b:include data='backlink' name='backlinkDeleteIcon'/>
          </dt>
          <dd class='comment-body collapseable'>
            <data:backlink.snippet/>
          </dd>
          <dd class='comment-footer collapseable'>
            <span class='comment-author'><data:post.authorLabel/> <data:backlink.author/></span>
            <span class='comment-timestamp'><data:post.timestampLabel/> <data:backlink.timestamp/></span>
          </dd>
        </div>
      </b:loop>
    </dl>
  </b:if>
  <p class='comment-footer'>
    <a class='comment-link' expr:href='data:post.createLinkUrl' expr:id='data:widget.instanceId + &quot;_backlinks-create-link&quot;' target='_blank'><data:post.createLinkLabel/></a>
  </p>
</b:includable>
      <b:includable id='breadcrumb' var='posts'>
      <b:if cond='data:blog.homepageUrl != data:blog.url'> 
      <b:if cond='data:blog.pageType == &quot;static_page&quot;'>
        <div class='breadcrumbs'><span><a expr:href='data:blog.homepageUrl' rel='nofollow'>Home</a></span> &#187; <span><data:blog.pageName/></span>
	    </div>
      <b:else/>
        <b:if cond='data:blog.pageType == &quot;item&quot;'>
        <b:loop values='data:posts' var='post'>
        <b:if cond='data:post.labels'>
        <div class='breadcrumbs'><span itemscope='' itemtype='http://data-vocabulary.org/Breadcrumb'><a expr:href='data:blog.homepageUrl' itemprop='url'><span itemprop='title'>Home</span></a></span> &#187; <b:loop values='data:post.labels' var='label'><span itemscope='' itemtype='http://data-vocabulary.org/Breadcrumb'><a expr:href='data:label.url + &quot;?&amp;max-results=8&quot;' itemprop='url'><span itemprop='title'><data:label.name/></span></a></span><b:if cond='data:label.isLast != &quot;true&quot;'> &#187; </b:if> </b:loop> &#187; <span><data:post.title/></span>
        </div>
        <b:else/>
        <div class='breadcrumbs'><span><a expr:href='data:blog.homepageUrl' rel='nofollow'>Home</a></span> &#187; <span>Uncategories</span> &#187; <span><data:post.title/></span></div>
	    </b:if>
        </b:loop>
      <b:else/>
        <b:if cond='data:blog.pageType == &quot;archive&quot;'>
        <div class='breadcrumbs'> <span><a expr:href='data:blog.homepageUrl' rel='nofollow'>Home</a></span> &#187; <span>Archive for <data:blog.pageName/></span> 
	    </div> 
      <b:else/>
        <b:if cond='data:blog.searchQuery'>
        <div class='breadcrumbs'><span><a expr:href='data:blog.homepageUrl' rel='nofollow'>Home</a></span> &#187; <span><data:blog.pageName/></span>
	    </div>
      <b:else/>
        <b:if cond='data:blog.pageType == &quot;index&quot;'> 
        <div class='breadcrumbs'>
	    <b:if cond='data:blog.pageName == &quot;&quot;'> <span><a expr:href='data:blog.homepageUrl' rel='nofollow'>Home</a></span> &#187; <span>All post</span>
        <b:else/>
        <span><a expr:href='data:blog.homepageUrl' rel='nofollow'>Home</a></span> &#187; <span><data:blog.pageName/></span> 
        </b:if>
        </div>
      </b:if>
      </b:if>
      </b:if>
      </b:if>
      </b:if>
      </b:if>
</b:includable>
      <b:includable id='comment-form' var='post'>
  <div class='comment-form'>
    <a name='comment-form'/>
    <b:if cond='data:mobile'>
      <h4 id='comment-post-message'>
        <a expr:id='data:widget.instanceId + &quot;_comment-editor-toggle-link&quot;' href='javascript:void(0)'><data:postCommentMsg/></a></h4>
      <p><data:blogCommentMessage/></p>
      <data:blogTeamBlogMessage/>
      <a expr:href='data:post.commentFormIframeSrc' id='comment-editor-src'/>
      <iframe allowtransparency='true' class='blogger-iframe-colorize blogger-comment-from-post' frameborder='0' height='410' id='comment-editor' name='comment-editor' src='' style='display: none' width='100%'/>
    <b:else/>
      <h4 id='comment-post-message'><data:postCommentMsg/></h4>
      <p><data:blogCommentMessage/></p>
      <data:blogTeamBlogMessage/>
      <a expr:href='data:post.commentFormIframeSrc' id='comment-editor-src'/>
      <iframe allowtransparency='true' class='blogger-iframe-colorize blogger-comment-from-post' frameborder='0' height='410' id='comment-editor' name='comment-editor' src='' width='100%'/>
    </b:if>
    <data:post.friendConnectJs/>
    <data:post.cmtfpIframe/>
    <script type='text/javascript'>
      BLOG_CMT_createIframe(&#39;<data:post.appRpcRelayPath/>&#39;, &#39;<data:post.communityId/>&#39;);
    </script>
  </div>
</b:includable>
      <b:includable id='commentDeleteIcon' var='comment'>
  <span expr:class='&quot;item-control &quot; + data:comment.adminClass'>
    <b:if cond='data:showCmtPopup'>
      <div class='goog-toggle-button'>
        <div class='goog-inline-block comment-action-icon'/>
      </div>
    <b:else/>
      <a class='comment-delete' expr:href='data:comment.deleteUrl' expr:title='data:top.deleteCommentMsg'>
        <img src='//www.blogger.com/img/icon_delete13.gif'/>
      </a>
    </b:if>
  </span>
</b:includable>
      <b:includable id='comment_count_picker' var='post'>
  <b:if cond='data:post.commentSource == 1'>
    <span class='cmt_count_iframe_holder' expr:data-count='data:post.numComments' expr:data-onclick='data:post.addCommentOnclick' expr:data-post-url='data:post.url' expr:data-url='data:post.canonicalUrl'>
    </span>
  <b:else/>
    <a class='comment-link' expr:href='data:post.addCommentUrl' expr:onclick='data:post.addCommentOnclick'>
      <data:post.commentLabelFull/>:
    </a>
  </b:if>
</b:includable>
      <b:includable id='comment_picker' var='post'>
  <b:if cond='data:post.commentSource == 1'>
    <b:include data='post' name='iframe_comments'/>
  <b:else/>
    <b:if cond='data:post.showThreadedComments'>
      <b:include data='post' name='threaded_comments'/>
    <b:else/>
      <b:include data='post' name='comments'/>
    </b:if>
  </b:if>
</b:includable>
      <b:includable id='comments' var='post'>
  <div class='comments' id='comments'>
    <a name='comments'/>
    <b:if cond='data:post.allowComments'>
      <h3><b:if cond='data:post.numComments == 0'> 0 Response to &quot;<data:blog.pageName/>&quot;</b:if> <b:if cond='data:post.numComments == 1'> 1 Response to &quot;<data:blog.pageName/>&quot; </b:if> <b:if cond='data:post.numComments &gt; 1'> <data:post.numComments/> Responses to &quot;<data:blog.pageName/>&quot; </b:if></h3>

      <b:if cond='data:post.commentPagingRequired'>
        <span class='paging-control-container'>
          <b:if cond='data:post.hasOlderLinks'>
            <a expr:class='data:post.oldLinkClass' expr:href='data:post.oldestLinkUrl'><data:post.oldestLinkText/></a>
              &#160;
            <a expr:class='data:post.oldLinkClass' expr:href='data:post.olderLinkUrl'><data:post.olderLinkText/></a>
              &#160;
          </b:if>

          <data:post.commentRangeText/>

          <b:if cond='data:post.hasNewerLinks'>
            &#160;
            <a expr:class='data:post.newLinkClass' expr:href='data:post.newerLinkUrl'><data:post.newerLinkText/></a>
            &#160;
            <a expr:class='data:post.newLinkClass' expr:href='data:post.newestLinkUrl'><data:post.newestLinkText/></a>
          </b:if>
        </span>
      </b:if>

      <div expr:id='data:widget.instanceId + &quot;_comments-block-wrapper&quot;'>
        <dl expr:class='data:post.avatarIndentClass' id='comments-block'>
          <b:loop values='data:post.comments' var='comment'>
            <dt expr:class='&quot;comment-author &quot; + data:comment.authorClass' expr:id='data:comment.anchorName'>
              <b:if cond='data:comment.favicon'>
                <img expr:src='data:comment.favicon' height='16px' style='margin-bottom:-2px;' width='16px'/>
              </b:if>
              <a expr:name='data:comment.anchorName'/>
              <b:if cond='data:blog.enabledCommentProfileImages'>
                <data:comment.authorAvatarImage/>
              </b:if>
              <b:if cond='data:comment.authorUrl'>
                <a expr:href='data:comment.authorUrl' rel='nofollow'><data:comment.author/></a>
              <b:else/>
                <data:comment.author/>
              </b:if>
              <data:commentPostedByMsg/>
            </dt>
            <dd class='comment-body' expr:id='data:widget.instanceId + data:comment.cmtBodyIdPostfix'>
              <b:if cond='data:comment.isDeleted'>
                <span class='deleted-comment'><data:comment.body/></span>
              <b:else/>
                <p>
                  <data:comment.body/>
                </p>
              </b:if>
            </dd>
            <dd class='comment-footer'>
              <span class='comment-timestamp'>
                <a expr:href='data:comment.url' title='comment permalink'>
                  <data:comment.timestamp/>
                </a>
                <b:include data='comment' name='commentDeleteIcon'/>
              </span>
            </dd>
          </b:loop>
        </dl>
      </div>

      <b:if cond='data:post.commentPagingRequired'>
        <span class='paging-control-container'>
          <a expr:class='data:post.oldLinkClass' expr:href='data:post.oldestLinkUrl'>
            <data:post.oldestLinkText/>
          </a>
          <a expr:class='data:post.oldLinkClass' expr:href='data:post.olderLinkUrl'>
            <data:post.olderLinkText/>
          </a>
          &#160;
          <data:post.commentRangeText/>
          &#160;
          <a expr:class='data:post.newLinkClass' expr:href='data:post.newerLinkUrl'>
            <data:post.newerLinkText/>
          </a>
          <a expr:class='data:post.newLinkClass' expr:href='data:post.newestLinkUrl'>
            <data:post.newestLinkText/>
          </a>
        </span>
      </b:if>

      <p class='comment-footer'>
        <b:if cond='data:post.embedCommentForm'>
          <b:if cond='data:post.allowNewComments'>
            <b:include data='post' name='comment-form'/>
          <b:else/>
            <data:post.noNewCommentsText/>
          </b:if>
        <b:else/>
          <b:if cond='data:post.allowComments'>
            <a expr:href='data:post.addCommentUrl' expr:onclick='data:post.addCommentOnclick'><data:postCommentMsg/></a>
          </b:if>
        </b:if>

      </p>
    </b:if>
    <b:if cond='data:showCmtPopup'>
      <div id='comment-popup'>
        <iframe allowtransparency='true' frameborder='0' id='comment-actions' name='comment-actions' scrolling='no'>
        </iframe>
      </div>
    </b:if>

    <div id='backlinks-container'>
    <div expr:id='data:widget.instanceId + &quot;_backlinks-container&quot;'>
       <b:if cond='data:post.showBacklinks'>
         <b:include data='post' name='backlinks'/>
       </b:if>
    </div>
    </div>
  </div>
</b:includable>
      <b:includable id='feedLinks'>
  <b:if cond='data:blog.pageType != &quot;item&quot;'> <!-- Blog feed links -->
    <b:if cond='data:feedLinks'>
      <div class='blog-feeds'>
        <b:include data='feedLinks' name='feedLinksBody'/>
      </div>
    </b:if>

    <b:else/> <!--Post feed links -->
    <div class='post-feeds'>
      <b:loop values='data:posts' var='post'>
        <b:if cond='data:post.allowComments'>
          <b:if cond='data:post.feedLinks'>
            <b:include data='post.feedLinks' name='feedLinksBody'/>
          </b:if>
        </b:if>
      </b:loop>
    </div>
  </b:if>
</b:includable>
      <b:includable id='feedLinksBody' var='links'>
  <div class='feed-links'>
  <data:feedLinksMsg/>
  <b:loop values='data:links' var='f'>
     <a class='feed-link' expr:href='data:f.url' expr:type='data:f.mimeType' target='_blank'><data:f.name/> (<data:f.feedType/>)</a>
  </b:loop>
  </div>
</b:includable>
      <b:includable id='iframe_comments' var='post'>

  <b:if cond='data:post.allowIframeComments'>
    <script expr:src='data:post.iframeCommentSrc' type='text/javascript'/>
    <div class='cmt_iframe_holder' expr:data-href='data:post.canonicalUrl' expr:data-viewtype='data:post.viewType'/>

    <b:if cond='data:post.embedCommentForm == &quot;false&quot;'>
      <a expr:href='data:post.addCommentUrl' expr:onclick='data:post.addCommentOnclick'><data:postCommentMsg/></a>
    </b:if>
  </b:if>
</b:includable>
      <b:includable id='mobile-index-post' var='post'>
<!-- MOBILE INDEX POST HERE -->
  <div class='mobile-date-outer date-outer'>
    <b:if cond='data:post.dateHeader'>
      <div class='date-header'>
        <span><data:post.dateHeader/></span>
      </div>
    </b:if>

    <div class='mobile-post-outer'>
      <a expr:href='data:post.url'>
        <h3 class='mobile-index-title entry-title' itemprop='name'>
          <data:post.title/>
        </h3>
	  </a>

        <div class='mobile-index-contents'>
          <b:if cond='data:post.thumbnailUrl'>
            <div class='mobile-index-thumbnail'>
              <div class='Image'>
                <img expr:src='data:post.thumbnailUrl'/>
              </div>
            </div>
			<b:else/>
            <div class='mobile-index-thumbnail'>
              <div class='Image'>
				<img expr:alt='data:post.title' expr:title='data:post.title' src='http://3.bp.blogspot.com/-zP87C2q9yog/UVopoHY30SI/AAAAAAAAE5k/AIyPvrpGLn8/w200-h150-c/picture_not_available.png'/>
              </div>
            </div>
          </b:if>

          <div class='post-body'>
            <b:if cond='data:post.snippet'><data:post.snippet/></b:if>
          </div>
        </div>

        <div style='clear: both;'/>

      <div class='mobile-index-comment'>
        <b:if cond='data:blog.pageType != &quot;static_page&quot;'>
          <b:if cond='data:post.allowComments'>
            <b:if cond='data:post.numComments != 0'>
              <b:include data='post' name='comment_count_picker'/>
            </b:if>
          </b:if>
        </b:if>
      </div>
    </div>
	
  </div>
</b:includable>
      <b:includable id='mobile-main' var='top'>
    <!-- posts -->
    <div class='blog-posts hfeed'>

      <b:include data='top' name='status-message'/>
	  <b:if cond='data:blog.pageType == &quot;index&quot;'>
	    <b:loop values='data:posts' var='post'>
		  <b:include data='post' name='mobile-index-post'/>
	    </b:loop>
      <b:else/>
        <b:loop values='data:posts' var='post'>
          <b:include data='post' name='mobile-post'/>
        </b:loop>
      </b:if>
    </div>

   <b:include name='mobile-nextprev'/>
</b:includable>
      <b:includable id='mobile-nextprev'>
<!-- MOBILE PAGE NAVIGATION LINKS -->
  <div class='blog-pager' id='blog-pager'>
    <b:if cond='data:newerPageUrl'>
      <div class='mobile-link-button' id='blog-pager-newer-link'>
      <a class='blog-pager-newer-link' expr:href='data:newerPageUrl' expr:id='data:widget.instanceId + &quot;_blog-pager-newer-link&quot;' expr:title='data:newerPageTitle'>&amp;lsaquo;</a>
      </div>
    </b:if>

    <b:if cond='data:olderPageUrl'>
      <div class='mobile-link-button' id='blog-pager-older-link'>
      <a class='blog-pager-older-link' expr:href='data:olderPageUrl' expr:id='data:widget.instanceId + &quot;_blog-pager-older-link&quot;' expr:title='data:olderPageTitle'>&amp;rsaquo;</a>
      </div>
    </b:if>

    <div class='mobile-link-button' id='blog-pager-home-link'>
    <a class='home-link' expr:href='data:blog.homepageUrl'><data:homeMsg/></a>
    </div>

    <div class='mobile-desktop-link'>
      <a class='home-link' expr:href='data:desktopLinkUrl'><data:desktopLinkMsg/></a>
    </div>

  </div>
  <div class='clear'/>
  <!-- END OF MOBILE PAGE NAVIGATION LINKS -->
</b:includable>
      <b:includable id='mobile-post' var='post'>
	  
<!-- MOBILE ITEM POST -->
  <div class='date-outer'>
    <b:if cond='data:post.dateHeader'>
      <h2 class='date-header'><span><data:post.dateHeader/></span></h2>
    </b:if>
    <div class='date-posts'>
      <div class='post-outer'>

        <div class='post hentry uncustomized-post-template' itemscope='itemscope' itemtype='http://schema.org/BlogPosting'>
          <b:if cond='data:post.thumbnailUrl'>
            <meta expr:content='data:post.thumbnailUrl' itemprop='image_url'/>
          </b:if>
          <meta expr:content='data:blog.blogId' itemprop='blogId'/>
          <meta expr:content='data:post.id' itemprop='postId'/>

          <a expr:name='data:post.id'/>
          <b:if cond='data:post.title'>
            <h3 class='post-title entry-title' itemprop='name'>
              <b:if cond='data:post.link'>
                <a expr:href='data:post.link'><data:post.title/></a>
              <b:else/>
                <b:if cond='data:post.url'>
                  <b:if cond='data:blog.url != data:post.url'>
                    <a expr:href='data:post.url'><data:post.title/></a>
                  <b:else/>
                    <data:post.title/>
                  </b:if>
                <b:else/>
                  <data:post.title/>
                </b:if>
              </b:if>
            </h3>
          </b:if>

          <div class='post-header'>
            <div class='post-header-line-1'/>
          </div>

          <div class='post-body entry-content' expr:id='&quot;post-body-&quot; + data:post.id' itemprop='articleBody'>
            <data:post.body/>
            <div style='clear: both;'/> <!-- clear for photos floats -->
          </div>

          <div class='post-footer'>
            <div class='post-footer-line post-footer-line-1'>
              <span class='post-author vcard'>
                <b:if cond='data:top.showAuthor'>
                  <b:if cond='data:post.authorProfileUrl'>
                    <span class='fn' itemprop='author' itemscope='itemscope' itemtype='http://schema.org/Person'>
                      <meta expr:content='data:post.authorProfileUrl' itemprop='url'/>
                      <a expr:href='data:post.authorProfileUrl' rel='author' title='author profile'>
                        <span itemprop='name'><data:post.author/></span>
                      </a>
                    </span>
                  <b:else/>
                    <span class='fn' itemprop='author' itemscope='itemscope' itemtype='http://schema.org/Person'>
                      <span itemprop='name'><data:post.author/></span>
                    </span>
                  </b:if>
                </b:if>
              </span>

              <span class='post-timestamp'>
                <b:if cond='data:top.showTimestamp'>
                  <data:top.timestampLabel/>
                  <b:if cond='data:post.url'>
                    <meta expr:content='data:post.canonicalUrl' itemprop='url'/>
                    <a class='timestamp-link' expr:href='data:post.url' rel='bookmark' title='permanent link'><abbr class='published' expr:title='data:post.timestampISO8601' itemprop='datePublished'><data:post.timestamp/></abbr></a>
                  </b:if>
                </b:if>
              </span>

              <span class='post-comment-link'>
                <b:if cond='data:blog.pageType != &quot;item&quot;'>
                  <b:if cond='data:blog.pageType != &quot;static_page&quot;'>
                    <b:if cond='data:post.allowComments'>
                      <b:include data='post' name='comment_count_picker'/>
                    </b:if>
                  </b:if>
                </b:if>
              </span>
            </div>

            <div class='post-footer-line post-footer-line-2'>
              <b:if cond='data:top.showMobileShare'>
                <div class='mobile-link-button goog-inline-block' id='mobile-share-button'>
                  <a href='javascript:void(0);'><data:shareMsg/></a>
                </div>
              </b:if>
              <b:if cond='data:top.showDummy'>
                <div class='goog-inline-block dummy-container'><data:post.dummyTag/></div>
              </b:if>
            </div>

          </div>
        </div>

        <b:if cond='data:blog.pageType == &quot;static_page&quot;'>
          <b:include data='post' name='comment_picker'/>
        </b:if>
        <b:if cond='data:blog.pageType == &quot;item&quot;'>
          <b:include data='post' name='comment_picker'/>
        </b:if>
      </div>
    </div>
  </div>
  <!-- END OF MOBILE ITEM POST -->
  
</b:includable>
      <b:includable id='nextprev'>
  <div class='blog-pager' id='blog-pager'>
    <b:if cond='data:newerPageUrl'>
      <span id='blog-pager-newer-link'>
      <a class='blog-pager-newer-link' expr:href='data:newerPageUrl' expr:id='data:widget.instanceId + &quot;_blog-pager-newer-link&quot;' expr:title='data:newerPageTitle'><data:newerPageTitle/></a>
      </span>
    </b:if>

    <b:if cond='data:olderPageUrl'>
      <span id='blog-pager-older-link'>
      <a class='blog-pager-older-link' expr:href='data:olderPageUrl' expr:id='data:widget.instanceId + &quot;_blog-pager-older-link&quot;' expr:title='data:olderPageTitle'><data:olderPageTitle/></a>
      </span>
    </b:if>

    <a class='home-link' expr:href='data:blog.homepageUrl'><data:homeMsg/></a>

    <b:if cond='data:mobileLinkUrl'>
      <div class='blog-mobile-link'>
        <a expr:href='data:mobileLinkUrl'><data:mobileLinkMsg/></a>
      </div>
    </b:if>

  </div>
  <div class='clear'/>
</b:includable>
      <b:includable id='post' var='post'>
  <article class='post hentry' itemprop='blogPost' itemscope='itemscope' itemtype='http://schema.org/BlogPosting'>
    <b:if cond='data:post.firstImageUrl'>
      <meta expr:content='data:post.firstImageUrl' itemprop='image'/>
    </b:if>

	
	<b:if cond='data:blog.pageType == &quot;index&quot;'>
	<b:if cond='data:post.thumbnailUrl'>
		<a expr:href='data:post.url'><div class='img-thumbnail'><script type='text/javascript'>
		document.write(bp_thumbnail_resize(&quot;<data:post.thumbnailUrl/>&quot;,&quot;<data:blog.title/>&quot;));
		</script></div>
		</a>
	<b:else/>
		<b:if cond='data:post.firstImageUrl'>
		<a expr:href='data:post.url'><div class='img-thumbnail'><img expr:alt='data:post.title' expr:src='data:post.firstImageUrl' expr:title='data:post.title'/></div>
		</a>
	<b:else/>
		<a expr:href='data:post.url'><div class='img-thumbnail'><img expr:alt='data:post.title' expr:title='data:post.title' src='http://3.bp.blogspot.com/-zP87C2q9yog/UVopoHY30SI/AAAAAAAAE5k/AIyPvrpGLn8/w120-h80-c/picture_not_available.png'/></div>
		</a>
	</b:if> 
    </b:if>
	</b:if>
	
    <a expr:name='data:post.id'/>
    <b:if cond='data:post.title'>
	    <b:if cond='data:blog.pageType == &quot;index&quot;'>
          <h2 class='post-title entry-title' itemprop='name'>
            <b:if cond='data:post.link'>
              <a expr:href='data:post.link'><data:post.title/></a>
            <b:else/>
              <b:if cond='data:post.url'>
                <b:if cond='data:blog.url != data:post.url'>
                  <a expr:href='data:post.url'><data:post.title/></a>
                <b:else/>
                  <data:post.title/>
                </b:if>
                <b:else/>
                  <data:post.title/>
              </b:if>
            </b:if>
          </h2>
	    <b:else/>
        <h1 class='post-title entry-title' itemprop='name'>
          <b:if cond='data:post.link'>
            <a expr:href='data:post.link'><data:post.title/></a>
          <b:else/>
            <b:if cond='data:post.url'>
              <b:if cond='data:blog.url != data:post.url'>
                <a expr:href='data:post.url'><data:post.title/></a>
              <b:else/>
                <data:post.title/>
              </b:if>
              <b:else/>
                <data:post.title/>
            </b:if>
          </b:if>
        </h1>
	    </b:if>
    </b:if>

    <div class='post-footer'>
      <b:if cond='data:top.showAuthor'>
		<span class='admin-meta vcard'>
            <b:if cond='data:post.authorProfileUrl'>
              <span class='fn' itemprop='author' itemscope='itemscope' itemtype='http://schema.org/Person'>
                <meta expr:content='data:post.authorProfileUrl' itemprop='url'/>
                <a class='g-profile' expr:href='data:post.authorProfileUrl' rel='author' title='author profile'>
                  <span itemprop='name'><data:post.author/></span>
                </a>
              </span>
            <b:else/>
              <span class='fn' itemprop='author' itemscope='itemscope' itemtype='http://schema.org/Person'>
                <span itemprop='name'><data:post.author/></span>
              </span>
            </b:if>
		</span> 
      </b:if>
      <b:if cond='data:top.showTimestamp'>
		<span class='date-meta'>
        <b:if cond='data:post.url'>
          <meta expr:content='data:post.canonicalUrl' itemprop='url'/>
          <a class='timestamp-link' expr:href='data:post.url' rel='bookmark' title='permanent link'><abbr class='published updated' expr:title='data:post.timestampISO8601' itemprop='datePublished'><data:post.timestamp/></abbr></a>
        </b:if>
		</span> 
      </b:if>
	  <b:if cond='data:post.allowComments'> 
		<span class='comment-meta'>
			<a expr:href='data:post.addCommentUrl' expr:onclick='data:post.addCommentOnclick'> 
			<b:if cond='data:post.numComments == 0'> Add Comment </b:if> 
			<b:if cond='data:post.numComments == 1'> 1 Comment </b:if> 
			<b:if cond='data:post.numComments &gt; 1'> <data:post.numComments/> Comments </b:if> 
			</a>
		</span>
	  </b:if>
      <b:if cond='data:post.labels'>
		<span class='label-meta'>
          <b:loop values='data:post.labels' var='label'>
            <a expr:href='data:label.url' rel='tag'><data:label.name/></a><b:if cond='data:label.isLast != &quot;true&quot;'>,</b:if>
          </b:loop>
		</span> 
      </b:if>
	  <!-- quickedit pencil -->
      <b:include data='post' name='postQuickEdit'/>

    </div>

	<b:if cond='data:blog.pageType == &quot;index&quot;'>	  
		<div class='post-body entry-content' expr:id='&quot;post-body-&quot; + data:post.id' itemprop='articleBody'>
			<div class='post-snippet'>
			<data:post.snippet/>
			</div>
			<div style='clear: both;'/> <!-- clear for photos floats -->
		</div>
		<b:if cond='data:post.hasJumpLink'>
			<div class='jump-link'>
				<a expr:href='data:post.url + &quot;#more&quot;' expr:title='data:post.title'><data:post.jumpText/></a>
			</div>
		</b:if>
	<b:else/>
		<!-- Then use the post body as the schema.org description, for good G+/FB snippeting. -->
		<div class='post-body entry-content' expr:id='&quot;post-body-&quot; + data:post.id' itemprop='description articleBody'>
			<data:post.body/>
			<div style='clear: both;'/> <!-- clear for photos floats -->
			
			<div id='related-post'>
				<h3>Related Posts:</h3>
				<b:loop values='data:post.labels' var='label'> <b:if cond='data:label.isLast != &quot;true&quot;'/> <b:if cond='data:blog.pageType == &quot;item&quot;'> <script expr:src='&quot;/feeds/posts/default/-/&quot; + data:label.name + &quot;?alt=json-in-script&amp;callback=related_results_labels&amp;max-results=5&quot;' type='text/javascript'/></b:if> </b:loop> <script type='text/javascript'> removeRelatedDuplicates(); printRelatedLabels(); </script>
			</div>	  
		  
		<div class='share-buttons-box'>
		<div class='share-buttons'>
			<div class='share gplus'><div class='g-plusone' data-size='tall' expr:data-href='data:post.url'/></div>
			<div class='share like'><div class='fb-like' data-action='like' data-layout='box_count' data-share='false' data-show-faces='false' expr:data-href='data:post.url'/></div>
			<div class='share fbshare'><div class='fb-share-button' data-type='box_count' expr:data-href='data:post.url'/></div>
			<div class='share tweet'><a class='twitter-share-button' data-count='vertical' data-lang='en' data-size='normal' expr:data-url='data:post.url' href='https://twitter.com/share'>Tweet</a></div>
		</div>
		</div>
		  
		</div>
	</b:if>

	<b:if cond='data:blog.pageType == &quot;item&quot;'>
	<b:if cond='data:post.authorAboutMe'>
	<div class='author-profile' itemprop='author' itemscope='itemscope' itemtype='http://schema.org/Person'>
	  <b:if cond='data:post.authorPhoto.url'>
		<img expr:src='data:post.authorPhoto.url' itemprop='image' width='90px'/>
	  </b:if>
	  <div>
		<a class='g-profile' expr:href='data:post.authorProfileUrl' itemprop='url' rel='author' title='author profile'>
		  <span itemprop='name'><data:post.author/></span>
		</a>
	  </div>
	  <span itemprop='description'><data:post.authorAboutMe/></span>
	</div>
	</b:if>
	</b:if>
	

  </article>
</b:includable>
      <b:includable id='postQuickEdit' var='post'>
  <b:if cond='data:post.editUrl'>
    <span expr:class='&quot;item-control &quot; + data:post.adminClass'>
      <a expr:href='data:post.editUrl' expr:title='data:top.editPostMsg'>
        <img alt='' class='icon-action' height='18' src='http://img2.blogblog.com/img/icon18_edit_allbkg.gif' width='18'/>
      </a>
    </span>
  </b:if>
</b:includable>
      <b:includable id='shareButtons' var='post'>
  <b:if cond='data:top.showEmailButton'><a class='goog-inline-block share-button sb-email' expr:href='data:post.sharePostUrl + &quot;&amp;target=email&quot;' expr:title='data:top.emailThisMsg' target='_blank'><span class='share-button-link-text'><data:top.emailThisMsg/></span></a></b:if><b:if cond='data:top.showBlogThisButton'><a class='goog-inline-block share-button sb-blog' expr:href='data:post.sharePostUrl + &quot;&amp;target=blog&quot;' expr:onclick='&quot;window.open(this.href, \&quot;_blank\&quot;, \&quot;height=270,width=475\&quot;); return false;&quot;' expr:title='data:top.blogThisMsg' target='_blank'><span class='share-button-link-text'><data:top.blogThisMsg/></span></a></b:if><b:if cond='data:top.showTwitterButton'><a class='goog-inline-block share-button sb-twitter' expr:href='data:post.sharePostUrl + &quot;&amp;target=twitter&quot;' expr:title='data:top.shareToTwitterMsg' target='_blank'><span class='share-button-link-text'><data:top.shareToTwitterMsg/></span></a></b:if><b:if cond='data:top.showFacebookButton'><a class='goog-inline-block share-button sb-facebook' expr:href='data:post.sharePostUrl + &quot;&amp;target=facebook&quot;' expr:onclick='&quot;window.open(this.href, \&quot;_blank\&quot;, \&quot;height=430,width=640\&quot;); return false;&quot;' expr:title='data:top.shareToFacebookMsg' target='_blank'><span class='share-button-link-text'><data:top.shareToFacebookMsg/></span></a></b:if><b:if cond='data:top.showOrkutButton'><a class='goog-inline-block share-button sb-orkut' expr:href='data:post.sharePostUrl + &quot;&amp;target=orkut&quot;' expr:title='data:top.shareToOrkutMsg' target='_blank'><span class='share-button-link-text'><data:top.shareToOrkutMsg/></span></a></b:if><b:if cond='data:top.showDummy'><div class='goog-inline-block dummy-container'><data:post.dummyTag/></div></b:if>
</b:includable>
      <b:includable id='status-message'>
  <b:if cond='data:navMessage'>
  <div class='status-msg-wrap'>
    <div class='status-msg-body'>
      <data:navMessage/>
    </div>
    <div class='status-msg-border'>
      <div class='status-msg-bg'>
        <div class='status-msg-hidden'><data:navMessage/></div>
      </div>
    </div>
  </div>
  <div style='clear: both;'/>
  </b:if>
</b:includable>
      <b:includable id='threaded-comment-form' var='post'>
  <div class='comment-form'>
    <a name='comment-form'/>
    <b:if cond='data:mobile'>
      <p><data:blogCommentMessage/></p>
      <data:blogTeamBlogMessage/>
      <a expr:href='data:post.commentFormIframeSrc' id='comment-editor-src'/>
      <iframe allowtransparency='true' class='blogger-iframe-colorize blogger-comment-from-post' frameborder='0' height='410' id='comment-editor' name='comment-editor' src='' style='display: none' width='100%'/>
    <b:else/>
      <div class='pesan-komentar'><p><data:blogCommentMessage/></p></div>
      <data:blogTeamBlogMessage/>
      <a expr:href='data:post.commentFormIframeSrc' id='comment-editor-src'/>
      <iframe allowtransparency='true' class='blogger-iframe-colorize blogger-comment-from-post' frameborder='0' height='410' id='comment-editor' name='comment-editor' src='' width='100%'/>
    </b:if>
    <data:post.friendConnectJs/>
    <data:post.cmtfpIframe/>
    <script type='text/javascript'>
      BLOG_CMT_createIframe(&#39;<data:post.appRpcRelayPath/>&#39;, &#39;<data:post.communityId/>&#39;);
    </script>
  </div>
</b:includable>
      <b:includable id='threaded_comment_js' var='post'>
  <script async='async' expr:src='data:post.commentSrc' type='text/javascript'/>

  <script type='text/javascript'>
    (function() {
      var items = <data:post.commentJso/>;
      var msgs = <data:post.commentMsgs/>;
      var config = <data:post.commentConfig/>;

// <![CDATA[
      var cursor = null;
      if (items && items.length > 0) {
        cursor = parseInt(items[items.length - 1].timestamp) + 1;
      }

      var bodyFromEntry = function(entry) {
        if (entry.gd$extendedProperty) {
          for (var k in entry.gd$extendedProperty) {
            if (entry.gd$extendedProperty[k].name == 'blogger.contentRemoved') {
              return '<span class="deleted-comment">' + entry.content.$t + '</span>';
            }
          }
        }
        return entry.content.$t;
      }

      var parse = function(data) {
        cursor = null;
        var comments = [];
        if (data && data.feed && data.feed.entry) {
          for (var i = 0, entry; entry = data.feed.entry[i]; i++) {
            var comment = {};
            // comment ID, parsed out of the original id format
            var id = /blog-(\d+).post-(\d+)/.exec(entry.id.$t);
            comment.id = id ? id[2] : null;
            comment.body = bodyFromEntry(entry);
            comment.timestamp = Date.parse(entry.published.$t) + '';
            if (entry.author && entry.author.constructor === Array) {
              var auth = entry.author[0];
              if (auth) {
                comment.author = {
                  name: (auth.name ? auth.name.$t : undefined),
                  profileUrl: (auth.uri ? auth.uri.$t : undefined),
                  avatarUrl: (auth.gd$image ? auth.gd$image.src : undefined)
                };
              }
            }
            if (entry.link) {
              if (entry.link[2]) {
                comment.link = comment.permalink = entry.link[2].href;
              }
              if (entry.link[3]) {
                var pid = /.*comments\/default\/(\d+)\?.*/.exec(entry.link[3].href);
                if (pid && pid[1]) {
                  comment.parentId = pid[1];
                }
              }
            }
            comment.deleteclass = 'item-control blog-admin';
            if (entry.gd$extendedProperty) {
              for (var k in entry.gd$extendedProperty) {
                if (entry.gd$extendedProperty[k].name == 'blogger.itemClass') {
                  comment.deleteclass += ' ' + entry.gd$extendedProperty[k].value;
                } else if (entry.gd$extendedProperty[k].name == 'blogger.displayTime') {
                  comment.displayTime = entry.gd$extendedProperty[k].value;
                }
              }
            }
            comments.push(comment);
          }
        }
        return comments;
      };

      var paginator = function(callback) {
        if (hasMore()) {
          var url = config.feed + '?alt=json&v=2&orderby=published&reverse=false&max-results=50';
          if (cursor) {
            url += '&published-min=' + new Date(cursor).toISOString();
          }
          window.bloggercomments = function(data) {
            var parsed = parse(data);
            cursor = parsed.length < 50 ? null
                : parseInt(parsed[parsed.length - 1].timestamp) + 1
            callback(parsed);
            window.bloggercomments = null;
          }
          url += '&callback=bloggercomments';
          var script = document.createElement('script');
          script.type = 'text/javascript';
          script.src = url;
          document.getElementsByTagName('head')[0].appendChild(script);
        }
      };
      var hasMore = function() {
        return !!cursor;
      };
      var getMeta = function(key, comment) {
        if ('iswriter' == key) {
          var matches = !!comment.author
              && comment.author.name == config.authorName
              && comment.author.profileUrl == config.authorUrl;
          return matches ? 'true' : '';
        } else if ('deletelink' == key) {
          return config.baseUri + '/delete-comment.g?blogID='
               + config.blogId + '&postID=' + comment.id;
        } else if ('deleteclass' == key) {
          return comment.deleteclass;
        }
        return '';
      };

      var replybox = null;
      var replyUrlParts = null;
      var replyParent = undefined;

      var onReply = function(commentId, domId) {
        if (replybox == null) {
          // lazily cache replybox, and adjust to suit this style:
          replybox = document.getElementById('comment-editor');
          if (replybox != null) {
            replybox.height = '250px';
            replybox.style.display = 'block';
            replyUrlParts = replybox.src.split('#');
          }
        }
        if (replybox && (commentId !== replyParent)) {
          document.getElementById(domId).insertBefore(replybox.parentNode, null);
          replybox.src = replyUrlParts[0]
              + (commentId ? '&parentID=' + commentId : '')
              + '#' + replyUrlParts[1];
          replyParent = commentId;
        }
      };

      var hash = (window.location.hash || '#').substring(1);
      var startThread, targetComment;
      if (/^comment-form_/.test(hash)) {
        startThread = hash.substring('comment-form_'.length);
      } else if (/^c[0-9]+$/.test(hash)) {
        targetComment = hash.substring(1);
      }

      // Configure commenting API:
      var configJso = {
        'maxDepth': config.maxThreadDepth
      };
      var provider = {
        'id': config.postId,
        'data': items,
        'loadNext': paginator,
        'hasMore': hasMore,
        'getMeta': getMeta,
        'onReply': onReply,
        'rendered': true,
        'initComment': targetComment,
        'initReplyThread': startThread,
        'config': configJso,
        'messages': msgs
      };

      var render = function() {
        if (window.goog && window.goog.comments) {
          var holder = document.getElementById('comment-holder');
          window.goog.comments.render(holder, provider);
        }
      };

      // render now, or queue to render when library loads:
      if (window.goog && window.goog.comments) {
        render();
      } else {
        window.goog = window.goog || {};
        window.goog.comments = window.goog.comments || {};
        window.goog.comments.loadQueue = window.goog.comments.loadQueue || [];
        window.goog.comments.loadQueue.push(render);
      }
    })();
// ]]>
  </script>
</b:includable>
      <b:includable id='threaded_comments' var='post'>
  <div class='comments' id='comments'>
    <a name='comments'/>
      <h3><b:if cond='data:post.numComments == 0'> 0 Response to &quot;<data:blog.pageName/>&quot;</b:if> <b:if cond='data:post.numComments == 1'> 1 Response to &quot;<data:blog.pageName/>&quot; </b:if> <b:if cond='data:post.numComments &gt; 1'> <data:post.numComments/> Responses to &quot;<data:blog.pageName/>&quot; </b:if></h3>

    <div class='comments-content'>
      <b:if cond='data:post.embedCommentForm'>
        <b:include data='post' name='threaded_comment_js'/>
      </b:if>
      <div id='comment-holder'>
         <data:post.commentHtml/>
      </div>
    </div>

    <p class='comment-footer'>
      <b:if cond='data:post.allowNewComments'>
        <b:include data='post' name='threaded-comment-form'/>
      <b:else/>
        <data:post.noNewCommentsText/>
      </b:if>
    </p>

    <b:if cond='data:showCmtPopup'>
      <div id='comment-popup'>
        <iframe allowtransparency='true' frameborder='0' id='comment-actions' name='comment-actions' scrolling='no'>
        </iframe>
      </div>
    </b:if>

    <div id='backlinks-container'>
    <div expr:id='data:widget.instanceId + &quot;_backlinks-container&quot;'>
       <b:if cond='data:post.showBacklinks'>
         <b:include data='post' name='backlinks'/>
       </b:if>
    </div>
    </div>
  </div>
</b:includable>
    </b:widget>
  </b:section>
  </div>
  </div>
  <!-- end of post wrapper -->

  
  <!-- sidebar wrapper -->
  <aside id='sidebar-wrapper'>
  <div class='sidebar-container'>
  
  <div class='set set-1'>
    <b:section class='panel panel-1' id='panel-1' maxwidgets='1' preferred='yes'>
      <b:widget id='PopularPosts3' locked='false' title='Entri Populer' type='PopularPosts'>
        <b:includable id='main'>
  <b:if cond='data:title'><h2><data:title/></h2></b:if>
  <div class='widget-content popular-posts'>
    <ul>
      <b:loop values='data:posts' var='post'>
      <li>
        <b:if cond='data:showThumbnails == &quot;false&quot;'>
          <b:if cond='data:showSnippets == &quot;false&quot;'>
            <!-- (1) No snippet/thumbnail -->
            <a expr:href='data:post.href'><data:post.title/></a>
          <b:else/>
            <!-- (2) Show only snippets -->
            <div class='item-title'><a expr:href='data:post.href'><data:post.title/></a></div>
            <div class='item-snippet'><data:post.snippet/></div>
          </b:if>
        <b:else/>
          <b:if cond='data:showSnippets == &quot;false&quot;'>
            <!-- (3) Show only thumbnails -->
            <div class='item-thumbnail-only'>
              <b:if cond='data:post.thumbnail'>
                <div class='item-thumbnail'>
                  <a expr:href='data:post.href' target='_blank'>
                    <img alt='' border='0' expr:height='data:thumbnailSize' expr:src='data:post.thumbnail' expr:width='data:thumbnailSize'/>
                  </a>
                </div>
              </b:if>
              <div class='item-title'><a expr:href='data:post.href'><data:post.title/></a></div>
            </div>
            <div style='clear: both;'/>
          <b:else/>
            <!-- (4) Show snippets and thumbnails -->
            <div class='item-content'>
              <b:if cond='data:post.thumbnail'>
                <div class='item-thumbnail'>
                  <a expr:href='data:post.href' target='_blank'>
                    <img alt='' border='0' expr:height='data:thumbnailSize' expr:src='data:post.thumbnail' expr:width='data:thumbnailSize'/>
                  </a>
                </div>
              </b:if>
              <div class='item-title'><a expr:href='data:post.href'><data:post.title/></a></div>
              <div class='item-snippet'><data:post.snippet/></div>
            </div>
            <div style='clear: both;'/>
          </b:if>
        </b:if>
      </li>
      </b:loop>
    </ul>
    <b:include name='quickedit'/>
  </div>
</b:includable>
      </b:widget>
    </b:section>
	<b:section class='panel panel-2' id='panel-2' maxwidgets='1' preferred='yes'>
<b:widget id='Label2' locked='false' title='Label' type='Label'>
  <b:includable id='main'>
  <b:if cond='data:title'>
    <h2><data:title/></h2>
  </b:if>
  <div expr:class='&quot;widget-content &quot; + data:display + &quot;-label-widget-content&quot;'>
    <b:if cond='data:display == &quot;list&quot;'>
      <ul>
      <b:loop values='data:labels' var='label'>
        <li>
          <b:if cond='data:blog.url == data:label.url'>
            <span expr:dir='data:blog.languageDirection'><data:label.name/></span>
          <b:else/>
            <a expr:dir='data:blog.languageDirection' expr:href='data:label.url'><data:label.name/></a>
          </b:if>
          <b:if cond='data:showFreqNumbers'>
            <span dir='ltr'>(<data:label.count/>)</span>
          </b:if>
        </li>
      </b:loop>
      </ul>
    <b:else/>
      <b:loop values='data:labels' var='label'>
        <span expr:class='&quot;label-size label-size-&quot; + data:label.cssSize'>
          <b:if cond='data:blog.url == data:label.url'>
            <span expr:dir='data:blog.languageDirection'><data:label.name/></span>
          <b:else/>
            <a expr:dir='data:blog.languageDirection' expr:href='data:label.url'><data:label.name/></a>
          </b:if>
          <b:if cond='data:showFreqNumbers'>
            <span class='label-count' dir='ltr'>(<data:label.count/>)</span>
          </b:if>
        </span>
      </b:loop>
    </b:if>
    <b:include name='quickedit'/>
  </div>
</b:includable>
</b:widget>
</b:section>
	<b:section class='panel panel-3' id='panel-3' maxwidgets='1' preferred='yes'>
<b:widget id='BlogArchive1' locked='false' title='Arsip Blog' type='BlogArchive'>
  <b:includable id='main'>
  <b:if cond='data:title'>
    <h2><data:title/></h2>
  </b:if>
  <div class='widget-content'>
  <div id='ArchiveList'>
  <div expr:id='data:widget.instanceId + &quot;_ArchiveList&quot;'>
    <b:if cond='data:style == &quot;HIERARCHY&quot;'>
     <b:include data='data' name='interval'/>
    </b:if>
    <b:if cond='data:style == &quot;FLAT&quot;'>
      <b:include data='data' name='flat'/>
    </b:if>
    <b:if cond='data:style == &quot;MENU&quot;'>
      <b:include data='data' name='menu'/>
    </b:if>
  </div>
  </div>
  <b:include name='quickedit'/>
  </div>
</b:includable>
  <b:includable id='flat' var='data'>
  <ul class='flat'>
    <b:loop values='data:data' var='i'>
      <li class='archivedate'>
        <a expr:href='data:i.url'><data:i.name/></a> (<data:i.post-count/>)
      </li>
    </b:loop>
  </ul>
</b:includable>
  <b:includable id='interval' var='intervalData'>
  <b:loop values='data:intervalData' var='i'>
      <ul class='hierarchy'>
        <li expr:class='&quot;archivedate &quot; + data:i.expclass'>
          <b:include data='i' name='toggle'/>
          <a class='post-count-link' expr:href='data:i.url'><data:i.name/></a>
            <span class='post-count' dir='ltr'>(<data:i.post-count/>)</span>
          <b:if cond='data:i.data'>
            <b:include data='i.data' name='interval'/>
          </b:if>
          <b:if cond='data:i.posts'>
            <b:include data='i.posts' name='posts'/>
          </b:if>
        </li>
      </ul>
  </b:loop>
</b:includable>
  <b:includable id='menu' var='data'>
  <select expr:id='data:widget.instanceId + &quot;_ArchiveMenu&quot;'>
    <option value=''><data:title/></option>
    <b:loop values='data:data' var='i'>
      <option expr:value='data:i.url'><data:i.name/> (<data:i.post-count/>)</option>
    </b:loop>
  </select>
</b:includable>
  <b:includable id='posts' var='posts'>
  <ul class='posts'>
    <b:loop values='data:posts' var='i'>
      <li><a expr:href='data:i.url'><data:i.title/></a></li>
    </b:loop>
  </ul>
</b:includable>
  <b:includable id='toggle' var='interval'>
  <b:if cond='data:interval.toggleId'>
  <b:if cond='data:interval.expclass == &quot;expanded&quot;'>
    <a class='toggle' href='javascript:void(0)'>
      <span class='zippy toggle-open'>&#9660;&#160;</span>
    </a>
  <b:else/>
    <a class='toggle' href='javascript:void(0)'>
      <span class='zippy'>
        <b:if cond='data:blog.languageDirection == &quot;rtl&quot;'>
          &#9668;&#160;
        <b:else/>
          &#9658;&#160;
        </b:if>
      </span>
    </a>
  </b:if>
 </b:if>
</b:includable>
</b:widget>
</b:section>
  </div>
<div class='clear'/>
  
  <b:section class='sidebar' id='sidebar' preferred='yes'>
    <b:widget id='PopularPosts1' locked='false' title='Entri Populer' type='PopularPosts'>
      <b:includable id='main'>
  <b:if cond='data:title'><h2><data:title/></h2></b:if>
  <div class='widget-content popular-posts'>
    <ul>
      <b:loop values='data:posts' var='post'>
      <li>
        <b:if cond='data:showThumbnails == &quot;false&quot;'>
          <b:if cond='data:showSnippets == &quot;false&quot;'>
            <!-- (1) No snippet/thumbnail -->
            <a expr:href='data:post.href'><data:post.title/></a>
          <b:else/>
            <!-- (2) Show only snippets -->
            <div class='item-title'><a expr:href='data:post.href'><data:post.title/></a></div>
            <div class='item-snippet'><data:post.snippet/></div>
          </b:if>
        <b:else/>
          <b:if cond='data:showSnippets == &quot;false&quot;'>
            <!-- (3) Show only thumbnails -->
            <div class='item-thumbnail-only'>
              <b:if cond='data:post.thumbnail'>
                <div class='item-thumbnail'>
                  <a expr:href='data:post.href' target='_blank'>
                    <img alt='' border='0' expr:height='data:thumbnailSize' expr:src='data:post.thumbnail' expr:width='data:thumbnailSize'/>
                  </a>
                </div>
              </b:if>
              <div class='item-title'><a expr:href='data:post.href'><data:post.title/></a></div>
            </div>
            <div style='clear: both;'/>
          <b:else/>
            <!-- (4) Show snippets and thumbnails -->
            <div class='item-content'>
              <b:if cond='data:post.thumbnail'>
                <div class='item-thumbnail'>
                  <a expr:href='data:post.href' target='_blank'>
                    <img alt='' border='0' expr:height='data:thumbnailSize' expr:src='data:post.thumbnail' expr:width='data:thumbnailSize'/>
                  </a>
                </div>
              </b:if>
              <div class='item-title'><a expr:href='data:post.href'><data:post.title/></a></div>
              <div class='item-snippet'><data:post.snippet/></div>
            </div>
            <div style='clear: both;'/>
          </b:if>
        </b:if>
      </li>
      </b:loop>
    </ul>
    <b:include name='quickedit'/>
  </div>
</b:includable>
    </b:widget>
    <b:widget id='Profile1' locked='false' title='About Me' type='Profile'>
      <b:includable id='main'>
    <b:if cond='data:title != &quot;&quot;'>
      <h2><data:title/></h2>
    </b:if>
    <div class='widget-content'>
    <b:if cond='data:team == &quot;true&quot;'> <!-- team blog profile -->
      <ul>
        <b:loop values='data:authors' var='i'>
          <li><a class='profile-name-link g-profile' expr:href='data:i.userUrl' expr:style='&quot;background-image: url(&quot; + data:i.profileLogo + &quot;);&quot;'><data:i.display-name/></a></li>
        </b:loop>
      </ul>

    <b:else/> <!-- normal blog profile -->

      <b:if cond='data:photo.url != &quot;&quot;'>
        <a expr:href='data:userUrl'><img class='profile-img' expr:alt='data:photo.alt' expr:height='data:photo.height' expr:src='data:photo.url' expr:width='data:photo.width'/></a>
      </b:if>

      <dl class='profile-datablock'>
        <dt class='profile-data'>
          <a class='profile-name-link g-profile' expr:href='data:userUrl' expr:style='&quot;background-image: url(&quot; + data:profileLogo + &quot;);&quot;' rel='author'>
            <data:displayname/>
          </a>
          <b:if cond='data:hasgoogleprofile'>
            <br/>
            <div class='g-follow' data-annotation='bubble' data-height='20' expr:data-href='data:userUrl'/>
          </b:if>
        </dt>

        <b:if cond='data:showlocation == &quot;true&quot;'>
          <dd class='profile-data'><data:location/></dd>
        </b:if>

        <b:if cond='data:aboutme != &quot;&quot;'><dd class='profile-textblock'><data:aboutme/></dd></b:if>
      </dl>
      <a class='profile-link' expr:href='data:userUrl' rel='author'><data:viewProfileMsg/></a>
    </b:if>

     <b:include name='quickedit'/>
    </div>
  </b:includable>
    </b:widget>
  </b:section>
  </div>
  </aside>
  <!-- end of sidebar wrapper -->
  
  </div>
  <!-- end of content wrapper -->
  <div class='clear'/>
  
  <!-- footer wrapper -->
  <footer id='footer-wrapper'>
	<div class='footer-left'>
		Copyright 2014 <a expr:href='data:blog.homepageUrl' rel='copyright'><data:blog.title/></a>
	</div>
	<div class='footer-right'>
		Design by <a rel='nofollow' href='http://sugeng.id' title='Mas Sugeng Blog'>Mas Sugeng</a>
	</div>	
  </footer>
  <!-- end of footer wrapper -->
  
  </div>
  <!-- end of wrapper -->

  
  
<script src='http://ajax.googleapis.com/ajax/libs/jquery/1/jquery.min.js'/>
<script type='text/javascript'>
$(function() {
$(&quot;.set-1&quot;).mtabs();                                
});
</script>
<script type='text/javascript'>
//<![CDATA[
var ww=document.body.clientWidth;$(document).ready(function(){$(".nav-menu li a").each(function(){if($(this).next().length>0){$(this).addClass("parent")}});$(".toggleMenu").click(function(e){e.preventDefault();$(this).toggleClass("active");$(".nav-menu").toggle()});adjustMenu()});$(window).bind("resize orientationchange",function(){ww=document.body.clientWidth;adjustMenu()});var adjustMenu=function(){if(ww<768){$(".toggleMenu").css("display","inline-block");if(!$(".toggleMenu").hasClass("active")){$(".nav-menu").hide()}else{$(".nav-menu").show()}$(".nav-menu li").unbind("mouseenter mouseleave");$(".nav-menu li a.parent").unbind("click").bind("click",function(e){e.preventDefault();$(this).parent("li").toggleClass("hover")})}else if(ww>=768){$(".toggleMenu").css("display","none");$(".nav-menu").show();$(".nav-menu li").removeClass("hover");$(".nav-menu li a").unbind("click");$(".nav-menu li").unbind("mouseenter mouseleave").bind("mouseenter mouseleave",function(){$(this).toggleClass("hover")})}}
//]]>
</script>
<script type='text/javascript'>
//<![CDATA[
/*! Matt Tabs v2.2.1 | https://github.com/matthewhall/matt-tabs */
!function(a){"use strict";var b=function(b,c){var d=this;d.element=b,d.$element=a(b),d.tabs=d.$element.children(),d.options=a.extend({},a.fn.mtabs.defaults,c),d.current_tab=0,d.init()};b.prototype={init:function(){var a=this;a.tabs.length&&(a.build(),a.buildTabMenu())},build:function(){var b=this,c=b.options,d=c.tab_text_el,e=c.container_class;b.tab_names=[],b.$wrapper=b.$element.wrapInner('<div class="'+e+'" />').find("."+e),b.tabs.wrapAll('<div class="'+c.tabs_container_class+'" />'),b.tabs.each(function(c,e){var f,g=a(e),h=d;f=g.find(h).filter(":first").hide().text(),b.tab_names.push(f)}),a.isFunction(c.onReady)&&c.onReady.call(b.element)},buildTabMenu:function(){for(var b,c=this,d=c.options,e=d.tabsmenu_el,f=c.tab_names,g="<"+e+' class="'+d.tabsmenu_class+'">',h=0,i=f.length,j=function(){var a=arguments;return d.tmpl.tabsmenu_tab.replace(/\{[0-9]\}/g,function(b){var c=Number(b.replace(/\D/g,""));return a[c]||""})};i>h;h++)g+=j(h+1,f[h]);g+="</"+e+">",c.$tabs_menu=a(g).prependTo(c.$wrapper),b=c.$tabs_menu.find(":first")[0].nodeName.toLowerCase(),c.$tabs_menu.on("click",b,function(b){var d=a(this),e=d.index();c.show(e),b.preventDefault()}).find(":first").trigger("click")},show:function(b){var c=this,d=c.options,e=d.active_tab_class;c.tabs.hide().filter(":eq("+b+")").show(),c.$tabs_menu.children().removeClass(e).filter(":eq("+b+")").addClass(e),a.isFunction(d.onTabSelect)&&b!==c.current_tab&&d.onTabSelect.call(c.element,b),c.current_tab=b},destroy:function(){var a=this,b=a.options.tab_text_el;a.$tabs_menu.remove(),a.tabs.unwrap().unwrap(),a.tabs.removeAttr("style"),a.tabs.children(b+":first").removeAttr("style"),a.$element.removeData("mtabs")}},a.fn.mtabs=function(c,d){return this.each(function(){var e,f=a(this),g=f.data("mtabs");e="object"==typeof c&&c,g||f.data("mtabs",g=new b(this,e)),"string"==typeof c&&g[c](d)})},a.fn.mtabs.defaults={container_class:"tabs",tabs_container_class:"tabs-content",active_tab_class:"active-tab",tab_text_el:"h1, h2, h3, h4, h5, h6",tabsmenu_class:"tabs-menu",tabsmenu_el:"ul",tmpl:{tabsmenu_tab:'<li class="tab-{0}"><span>{1}</span></li>'},onTabSelect:null}}(window.jQuery,window,document);
//]]>
</script>
<script>
!function(d,s,id){var js,fjs=d.getElementsByTagName(s)[0];if(!d.getElementById(id)){js=d.createElement(s);js.id=id;js.src=&quot;//platform.twitter.com/widgets.js&quot;;fjs.parentNode.insertBefore(js,fjs);}}(document,&quot;script&quot;,&quot;twitter-wjs&quot;);
</script>

  </body>
</html>